{"current":{"year":"Année","make":"Marque","model":"Modèle","listCollections":"Veuillez sélectionner les tapis de votre choix pour votre","collectionPage":"FABRIQUÉ SUR MESURE POUR VOTRE","errorMessage":"Veuillez sélectionner la marque, l'année et le modèle de votre véhicule","carShape":"Forme de véhicule","optional":"(Facultatif)","selectDetails":"Sélectionnez votre véhicule","sidePocketsInfo":"Détails supplémentaires facultatifs concernant votre véhicule - bien que cela ne soit pas nécessaire, nous vous recommandons de fournir ces détails si votre véhicule présente des caractéristiques uniques. Certains véhicules ont des mesures et des spécifications de plancher différentes en fonction de la finition\/des options choisies par le premier propriétaire. Si des détails supplémentaires sont nécessaires, nous vous enverrons un e-mail avant que vos tapis ne soient mis en production.","logoIngo":"Détails supplémentaires facultatifs concernant votre véhicule - bien que cela ne soit pas nécessaire, nous vous recommandons de fournir ces détails si votre véhicule présente des caractéristiques uniques. Certains véhicules ont des mesures et des spécifications de plancher différentes en fonction de la finition\/des options choisies par le premier propriétaire. Si des détails supplémentaires sont nécessaires, nous vous enverrons un e-mail avant que vos tapis ne soient mis en production.","text1":"Détails supplémentaires facultatifs concernant votre véhicule - bien que cela ne soit pas nécessaire, nous vous recommandons de fournir ces détails si votre véhicule présente des caractéristiques uniques. Certains véhicules ont des mesures et des spécifications de plancher différentes en fonction de la finition\/des options choisies par le premier propriétaire. Si des détails supplémentaires sont nécessaires, nous vous enverrons un e-mail avant que vos tapis ne soient mis en production.","text2":"Vous pouvez nous fournir davantage d'informations sur votre véhicule dans ce champ si vous estimez cela nécessaire.","text4":"Sélectionnez le nombre de sièges disponibles dans votre véhicule.","logo":"shopify:\/\/shop_images\/2a.png","logo_width":190,"favicon":"shopify:\/\/shop_images\/favicon---x-16x16.png","type_header_font":"assistant_n4","type_body_font":"assistant_n4","animations_hover_elements":"vertical-lift","buttons_border_thickness":2,"card_style":"card","card_text_alignment":"center","card_color_scheme":"scheme-80ae97aa-ed29-4699-9d61-12d135707f29","collection_card_color_scheme":"scheme-80ae97aa-ed29-4699-9d61-12d135707f29","sale_badge_color_scheme":"","social_facebook_link":"https:\/\/www.facebook.com\/profile.php?id=100085681593058","social_instagram_link":"http:\/\/instagram.com\/luxuscarmats","cart_type":"page","show_cart_note":true,"cart_drawer_collection":"tapis-de-sol-luxus-surpiqures-en-nid-dabeille","checkout_logo_image":"shopify:\/\/shop_images\/1a_cd26f681-a25d-49d0-9976-3d739a1cd5cd.png","checkout_accent_color":"#FFFFFF","checkout_button_color":"#ce9d3f","sections":{"announcement-bar":{"type":"announcement-bar","blocks":{"announcement-bar-0":{"type":"announcement","settings":{"text":"TEL: + (33) 07 55 51 66 65 - CONTACT@LUXUSTAPISAUT0.FR - LIVRAISON SOUS 20 À 30 JOURS OFFERTE EN EUROPE","link":""}}},"block_order":["announcement-bar-0"],"settings":{}},"header":{"type":"header","settings":{"logo_position":"top-center","menu":"main-menu","show_line_separator":true,"color_scheme":"background-2","margin_bottom":0}},"footer":{"type":"footer","blocks":{"footer-0":{"type":"link_list","settings":{"heading":"LÉGAL","menu":"footer"}},"footer-1":{"type":"link_list","settings":{"heading":"Info","menu":"liens-rapides"}},"footer-2":{"type":"text","settings":{"heading":"","subtext":"<p>Luxus Tapis Auto, spécialiste en tapis de sol auto premium sur mesure.<\/p>"}}},"block_order":["footer-0","footer-1","footer-2"],"settings":{"color_scheme":"background-2","newsletter_enable":true,"newsletter_heading":"Abonnez-vous à notre newsletter pour recevoir 10% de réduction sur votre première commande!","show_social":true,"enable_country_selector":false,"enable_language_selector":false,"payment_enable":true,"margin_top":48,"padding_top":36,"padding_bottom":36}},"main-password-header":{"type":"main-password-header","settings":{}},"main-password-footer":{"type":"main-password-footer","settings":{}}},"content_for_index":[],"blocks":{"10405695140724852225":{"type":"shopify:\/\/apps\/faqking\/blocks\/flyout-embed\/3c13bf97-def2-4442-b06f-a64e813a2392","disabled":false,"settings":{}},"14171380182093092491":{"type":"shopify:\/\/apps\/faqking\/blocks\/product-faq-embed\/3c13bf97-def2-4442-b06f-a64e813a2392","disabled":false,"settings":{"css_selector":"","custom_css":""}},"16789939927838974014":{"type":"shopify:\/\/apps\/rivyo-product-reviews-qa\/blocks\/app-embed\/f1860e84-309f-40ca-a2df-188435a622f3","disabled":false,"settings":{}},"1513253815146976218":{"type":"shopify:\/\/apps\/omnisend-email-marketing-sms\/blocks\/app-embed\/44704aa2-794f-4c5d-8c8e-039c841158e9","disabled":false,"settings":{}},"8559953418172270618":{"type":"shopify:\/\/apps\/fbtrack-facebook-pixels-app\/blocks\/app-embed\/40a16300-89a3-4e21-943b-e2c31e744e27","disabled":false,"settings":{}},"6143736321357441667":{"type":"shopify:\/\/apps\/tidio-live-chat-chatbots\/blocks\/app-embed\/1002274d-fb18-4939-98f6-5f05a8deeadc","disabled":false,"settings":{}},"4804304946286255945":{"type":"shopify:\/\/apps\/avada-cookie-consent\/blocks\/app-embed\/deacc407-65bc-4a4e-84d9-f90e9e492cf3","disabled":false,"settings":{}},"7313114205116804392":{"type":"shopify:\/\/apps\/propel-replays-surveys\/blocks\/app-embed\/64fbaaa3-2d4a-49f3-aba7-86e92e44999f","disabled":false,"settings":{}},"13057770590969753118":{"type":"shopify:\/\/apps\/instafeed-story\/blocks\/app-embed\/4169bff3-1d6b-44ad-9377-2ebc3d31f01c","disabled":true,"settings":{}},"17626490156485952974":{"type":"shopify:\/\/apps\/3d-seasonal-effects\/blocks\/app-embed\/5881d1f8-9311-46cf-bb7d-8ebd2e22859c","disabled":false,"settings":{}},"13070091535480640111":{"type":"shopify:\/\/apps\/attrac\/blocks\/app-embed\/b783956d-47a9-4434-91ad-4ec960bd74b0","disabled":false,"settings":{}}},"color_schemes":{"background-1":{"settings":{"background":"#ffffff","background_gradient":"","text":"#625f6b","button":"#ce9d3f","button_label":"#ffffff","secondary_button_label":"#121212","shadow":"#121212"}},"background-2":{"settings":{"background":"#f3f3f3","background_gradient":"","text":"#121212","button":"#121212","button_label":"#f3f3f3","secondary_button_label":"#121212","shadow":"#121212"}},"inverse":{"settings":{"background":"#f2f2f2","background_gradient":"","text":"#808285","button":"#ffffff","button_label":"#121212","secondary_button_label":"#ffffff","shadow":"#121212"}},"accent-1":{"settings":{"background":"#ce9d3f","background_gradient":"","text":"#ffffff","button":"#ffffff","button_label":"#ce9d3f","secondary_button_label":"#ffffff","shadow":"#121212"}},"accent-2":{"settings":{"background":"#ce9d3f","background_gradient":"","text":"#ffffff","button":"#ffffff","button_label":"#334fb4","secondary_button_label":"#ce9d3f","shadow":"#121212"}},"scheme-80ae97aa-ed29-4699-9d61-12d135707f29":{"settings":{"background":"#f5f5f5","background_gradient":"","text":"#808285","button":"#ce9d3f","button_label":"#ffffff","secondary_button_label":"#121212","shadow":"#121212"}},"scheme-10c74e76-5304-46a9-ba65-7524a06030a5":{"settings":{"background":"#f1a01b","background_gradient":"","text":"#ffffff","button":"#f1a01b","button_label":"#ffffff","secondary_button_label":"#121212","shadow":"#121212"}}}},"presets":{"Default":{"logo_width":90,"color_schemes":{"background-1":{"settings":{"background":"#FFFFFF","background_gradient":"","text":"#121212","button":"#121212","button_label":"#FFFFFF","secondary_button_label":"#121212","shadow":"#121212"}},"background-2":{"settings":{"background":"#F3F3F3","background_gradient":"","text":"#121212","button":"#121212","button_label":"#F3F3F3","secondary_button_label":"#121212","shadow":"#121212"}},"inverse":{"settings":{"background":"#242833","background_gradient":"","text":"#FFFFFF","button":"#FFFFFF","button_label":"#000000","secondary_button_label":"#FFFFFF","shadow":"#121212"}},"accent-1":{"settings":{"background":"#121212","background_gradient":"","text":"#FFFFFF","button":"#FFFFFF","button_label":"#121212","secondary_button_label":"#FFFFFF","shadow":"#121212"}},"accent-2":{"settings":{"background":"#334FB4","background_gradient":"","text":"#FFFFFF","button":"#FFFFFF","button_label":"#334FB4","secondary_button_label":"#FFFFFF","shadow":"#121212"}}},"type_header_font":"assistant_n4","heading_scale":100,"type_body_font":"assistant_n4","body_scale":100,"page_width":1200,"spacing_sections":0,"spacing_grid_horizontal":8,"spacing_grid_vertical":8,"animations_reveal_on_scroll":true,"animations_hover_elements":"none","buttons_border_thickness":1,"buttons_border_opacity":100,"buttons_radius":0,"buttons_shadow_opacity":0,"buttons_shadow_horizontal_offset":0,"buttons_shadow_vertical_offset":4,"buttons_shadow_blur":5,"variant_pills_border_thickness":1,"variant_pills_border_opacity":55,"variant_pills_radius":40,"variant_pills_shadow_opacity":0,"variant_pills_shadow_horizontal_offset":0,"variant_pills_shadow_vertical_offset":4,"variant_pills_shadow_blur":5,"inputs_border_thickness":1,"inputs_border_opacity":55,"inputs_radius":0,"inputs_shadow_opacity":0,"inputs_shadow_horizontal_offset":0,"inputs_shadow_vertical_offset":4,"inputs_shadow_blur":5,"card_style":"standard","card_image_padding":0,"card_text_alignment":"left","card_color_scheme":"background-2","card_border_thickness":0,"card_border_opacity":10,"card_corner_radius":0,"card_shadow_opacity":0,"card_shadow_horizontal_offset":0,"card_shadow_vertical_offset":4,"card_shadow_blur":5,"collection_card_style":"standard","collection_card_image_padding":0,"collection_card_text_alignment":"left","collection_card_color_scheme":"background-2","collection_card_border_thickness":0,"collection_card_border_opacity":10,"collection_card_corner_radius":0,"collection_card_shadow_opacity":0,"collection_card_shadow_horizontal_offset":0,"collection_card_shadow_vertical_offset":4,"collection_card_shadow_blur":5,"blog_card_style":"standard","blog_card_image_padding":0,"blog_card_text_alignment":"left","blog_card_color_scheme":"background-2","blog_card_border_thickness":0,"blog_card_border_opacity":10,"blog_card_corner_radius":0,"blog_card_shadow_opacity":0,"blog_card_shadow_horizontal_offset":0,"blog_card_shadow_vertical_offset":4,"blog_card_shadow_blur":5,"text_boxes_border_thickness":0,"text_boxes_border_opacity":10,"text_boxes_radius":0,"text_boxes_shadow_opacity":0,"text_boxes_shadow_horizontal_offset":0,"text_boxes_shadow_vertical_offset":4,"text_boxes_shadow_blur":5,"media_border_thickness":1,"media_border_opacity":5,"media_radius":0,"media_shadow_opacity":0,"media_shadow_horizontal_offset":0,"media_shadow_vertical_offset":4,"media_shadow_blur":5,"popup_border_thickness":1,"popup_border_opacity":10,"popup_corner_radius":0,"popup_shadow_opacity":5,"popup_shadow_horizontal_offset":0,"popup_shadow_vertical_offset":4,"popup_shadow_blur":5,"drawer_border_thickness":1,"drawer_border_opacity":10,"drawer_shadow_opacity":0,"drawer_shadow_horizontal_offset":0,"drawer_shadow_vertical_offset":4,"drawer_shadow_blur":5,"badge_position":"bottom left","badge_corner_radius":40,"sale_badge_color_scheme":"accent-2","sold_out_badge_color_scheme":"inverse","brand_headline":"","brand_description":"<p><\/p>","brand_image_width":100,"social_twitter_link":"","social_facebook_link":"","social_pinterest_link":"","social_instagram_link":"","social_tiktok_link":"","social_tumblr_link":"","social_snapchat_link":"","social_youtube_link":"","social_vimeo_link":"","predictive_search_enabled":true,"predictive_search_show_vendor":false,"predictive_search_show_price":false,"currency_code_enabled":true,"cart_type":"notification","show_vendor":false,"show_cart_note":false,"cart_drawer_collection":"","sections":{"main-password-header":{"type":"main-password-header","settings":{"color_scheme":"background-1"}},"main-password-footer":{"type":"main-password-footer","settings":{"color_scheme":"background-1"}}}}}}