{"name":"t:sections.footer.name","type":"footer","sections":{"footer":{"type":"footer","blocks":{"bfcaba9b-a39d-485e-9afc-825bb5ce2769":{"type":"image","settings":{"image":"shopify:\/\/shop_images\/2a_4d8e3914-ca36-4807-9af7-5f94e408ab01.png","image_width":165,"alignment":"center"}},"image_YmbtGN":{"type":"image","disabled":true,"settings":{"image_width":100,"alignment":"center"}},"footer-2":{"type":"text","settings":{"heading":"","subtext":"<p>Luxus Tapis Auto, leader et spécialiste en tapis de sol auto premium sur mesure.<\/p><p>La satisfaction de nos clients est très importante à nos yeux, c’est pourquoi nous faisons tout ce que nous pouvons pour délivrer un travail sur mesure de parfaite qualité.<\/p><p>e-mail: contact@luxustapisauto.fr<\/p><p>Tel: + (33) 06 44 65 78 13<\/p>"}},"footer-1":{"type":"link_list","settings":{"heading":"<strong>Info<\/strong>","menu":"liens-rapides"}},"footer-0":{"type":"link_list","settings":{"heading":"<strong>Légal<\/strong>","menu":"footer"}},"image_6MMPWB":{"type":"image","disabled":true,"settings":{"image_width":100,"alignment":"center"}}},"block_order":["bfcaba9b-a39d-485e-9afc-825bb5ce2769","image_YmbtGN","footer-2","footer-1","footer-0","image_6MMPWB"],"settings":{"color_scheme":"scheme-80ae97aa-ed29-4699-9d61-12d135707f29","newsletter_enable":true,"newsletter_heading":"Abonnez-vous à notre newsletter pour recevoir 10% de réduction sur votre première commande!","enable_follow_on_shop":true,"show_social":true,"enable_country_selector":true,"enable_language_selector":false,"payment_enable":true,"show_policy":false,"margin_top":48,"padding_top":36,"padding_bottom":36}}},"order":["footer"]}