{"name":"t:sections.header.name","type":"header","sections":{"announcement-bar":{"type":"announcement-bar","blocks":{"f3a9121b-fc51-415f-bb65-a6b29cc4a140":{"type":"announcement","settings":{"text":"LIVRAISON RAPIDE ET OFFERTE !","link":""}},"announcement-bar-0":{"type":"announcement","settings":{"text":"TEL: + (33) 06 44 65 78 13 | CONTACT@LUXUSTAPISAUT0.FR |","link":""}},"announcement_xkjwgU":{"type":"announcement","settings":{"text":"15% DE REDUCTION AVEC LE CODE \"HALLO\"","link":""}}},"block_order":["f3a9121b-fc51-415f-bb65-a6b29cc4a140","announcement-bar-0","announcement_xkjwgU"],"disabled":true,"settings":{"color_scheme":"scheme-10c74e76-5304-46a9-ba65-7524a06030a5","show_line_separator":false,"show_social":false,"auto_rotate":true,"change_slides_speed":3,"enable_country_selector":false,"enable_language_selector":false}},"header":{"type":"header","settings":{"logo_position":"top-center","menu":"desktop-mega-menu","menu_type_desktop":"mega","sticky_header_type":"reduce-logo-size","show_line_separator":true,"color_scheme":"scheme-80ae97aa-ed29-4699-9d61-12d135707f29","menu_color_scheme":"scheme-80ae97aa-ed29-4699-9d61-12d135707f29","enable_country_selector":false,"enable_language_selector":false,"mobile_logo_position":"center","margin_bottom":0,"padding_top":8,"padding_bottom":12}}},"order":["announcement-bar","header"]}