{"sections":{"custom_liquid_ftxMFB":{"type":"custom-liquid","settings":{"custom_liquid":"<script defer async src='https:\/\/cdn.trustindex.io\/loader.js?175e98c33bdd20889596f2eb8f8'><\/script>","color_scheme":"","padding_top":40,"padding_bottom":52}},"cart-items":{"type":"main-cart-items","settings":{"padding_top":36,"padding_bottom":36}},"cart-footer":{"type":"main-cart-footer","blocks":{"subtotal":{"type":"subtotal","settings":{}},"buttons":{"type":"buttons","settings":{}}},"block_order":["subtotal","buttons"],"settings":{"padding_top":40,"padding_bottom":40}},"video_zcnpMC":{"type":"video","settings":{"heading":"VIDEO DE PRESENTATION","heading_size":"h2","enable_video_looping":true,"video":"shopify:\/\/files\/videos\/videoLTAmain.mp4","video_url":"https:\/\/www.youtube.com\/watch?v=_9VUPq3SxOc","description":"","full_width":true,"color_scheme":"","padding_top":36,"padding_bottom":36}},"ss_feature_1_cFXyVA":{"type":"ss-feature-1","blocks":{"image_edVBEM":{"type":"image","settings":{"feature_title":"Livraison gratuite internationale","feature_text":"Nous livrons gratuitement partout dans le monde.","feature_url":"","hide_image":false}},"image_j9Tecx":{"type":"image","settings":{"feature_title":"Produits authentiques Luxus","feature_text":"En achetant sur notre site, vous êtes sûr d'obtenir des produits authentiques.","feature_url":"","hide_image":false}},"image_p4kaGL":{"type":"image","settings":{"feature_title":"Satisfait ou remboursé","feature_text":"Si vous n'êtes pas entièrement satisfait de votre achat, nous nous engageons à vous rembourser.","feature_url":"","hide_image":false}},"image_T6WhDj":{"type":"image","settings":{"feature_title":"+700 Avis Trustpilot","feature_text":"Nous sommes fiers de démontrer notre engagement envers la satisfaction client et la qualité de nos produits.","feature_url":"","hide_image":false}}},"block_order":["image_edVBEM","image_j9Tecx","image_p4kaGL","image_T6WhDj"],"settings":{"feature_row":4,"feature_row_mobile":1,"feature_gap":20,"feature_gap_mobile":20,"feature_padding_vertical":0,"feature_padding_horizontal":0,"feature_radius":16,"feature_border_thickness":0,"feature_shadow":false,"feature_heading_custom":false,"feature_heading_font":"josefin_sans_n4","feature_heading_size":14,"feature_heading_size_mobile":12,"feature_heading_height":130,"feature_heading_mt":8,"feature_text_custom":false,"feature_text_font":"josefin_sans_n4","feature_text_size":12,"feature_text_size_mobile":12,"feature_text_height":130,"feature_text_mt":4,"feature_icon_size":42,"feature_icon_size_mobile":42,"feature_bg":"#ffffff","feature_border_color":"#000000","feature_shadow_color":"#000000","feature_heading_color":"#625f6b","feature_text_color":"#808285","feature_icon_color":"#ce9d3f","background_color":"#ffffff","background_gradient":"","border_color":"#000000","margin_top":0,"margin_bottom":0,"padding_top":0,"padding_bottom":48,"padding_horizontal":5,"padding_horizontal_mobile":1.5,"full_width":false,"content_width":120,"border_thickness":0,"lazy":true}},"4a6af89b-2090-4e19-a3d8-e6a9317f9a72":{"type":"rich-text","blocks":{"template--15639747068041__4a6af89b-2090-4e19-a3d8-e6a9317f9a72-heading-1":{"type":"heading","settings":{"heading":"Notre garantie \"Satisfait ou remboursé\"","heading_size":"h2"}},"template--15639747068041__4a6af89b-2090-4e19-a3d8-e6a9317f9a72-text-1":{"type":"text","settings":{"text":"<p>Nous voulons que vous soyez confiant lorsque vous commandez chez nous. <\/p><p>A ce titre, nous garantissons une compatibilité parfaite de nos tapis avec votre véhicule. <\/p><p>Cela signifie que lorsqu’une commande est passée pour la bonne année, la bonne marque et le bon modèle, vous ne prenez aucun risque. <\/p><p>Si vous rencontrez un problème de compatibilité, nous vous enverrons un remplacement gratuit ; si vous n'êtes toujours pas satisfait du remplacement gratuit, nous vous rembourserons intégralement votre commande sans retour de produit.<\/p>"}}},"block_order":["template--15639747068041__4a6af89b-2090-4e19-a3d8-e6a9317f9a72-heading-1","template--15639747068041__4a6af89b-2090-4e19-a3d8-e6a9317f9a72-text-1"],"settings":{"desktop_content_position":"center","content_alignment":"left","color_scheme":"scheme-80ae97aa-ed29-4699-9d61-12d135707f29","full_width":true,"padding_top":40,"padding_bottom":52}},"featured-collection":{"type":"featured-collection","settings":{"title":"Best sellers","heading_size":"h1","description":"","show_description":false,"description_style":"body","collection":"all","products_to_show":20,"columns_desktop":5,"full_width":false,"show_view_all":true,"view_all_style":"solid","enable_desktop_slider":true,"color_scheme":"scheme-80ae97aa-ed29-4699-9d61-12d135707f29","image_ratio":"adapt","image_shape":"default","show_secondary_image":true,"show_vendor":false,"show_rating":false,"enable_quick_add":false,"columns_mobile":"2","swipe_on_mobile":true,"padding_top":36,"padding_bottom":36}}},"order":["custom_liquid_ftxMFB","cart-items","cart-footer","video_zcnpMC","ss_feature_1_cFXyVA","4a6af89b-2090-4e19-a3d8-e6a9317f9a72","featured-collection"]}