{"sections":{"custom_liquid_jC3RQH":{"type":"custom-liquid","settings":{"custom_liquid":"<script defer async src='https:\/\/cdn.trustindex.io\/loader.js?175e98c33bdd20889596f2eb8f8'><\/script>","color_scheme":"","padding_top":40,"padding_bottom":52}},"banner":{"type":"main-collection-banner","disabled":true,"settings":{"show_collection_description":true,"show_collection_image":false,"color_scheme":"accent-2"}},"collection_list_bfLWct":{"type":"collection-list","blocks":{"featured_collection_VCXUci":{"type":"featured_collection","settings":{"collection":"tapis-de-coffre-sur-mesure-basic"}},"featured_collection_BmNHMG":{"type":"featured_collection","settings":{"collection":"tapis-de-coffre-luxus-basic-surpiqures-en-nid-dabeille"}}},"block_order":["featured_collection_VCXUci","featured_collection_BmNHMG"],"settings":{"title":"Tapis de coffre basic disponibles en  2 surpiqures différentes:","heading_size":"h1","image_ratio":"square","columns_desktop":3,"color_scheme":"scheme-80ae97aa-ed29-4699-9d61-12d135707f29","show_view_all":false,"columns_mobile":"1","swipe_on_mobile":false,"padding_top":36,"padding_bottom":36}},"product-grid":{"type":"main-collection-product-grid","settings":{"hideDynamic":false,"products_per_page":16,"columns_desktop":4,"image_ratio":"adapt","image_shape":"default","show_secondary_image":true,"show_vendor":false,"show_rating":false,"enable_quick_add":false,"enable_filtering":true,"filter_type":"horizontal","enable_sorting":true,"columns_mobile":"2","padding_top":36,"padding_bottom":36}},"9eaa6a40-2d8c-4570-b86c-29606c82cd51":{"type":"multicolumn","blocks":{"template--15639747100809__9eaa6a40-2d8c-4570-b86c-29606c82cd51-column-1":{"type":"column","settings":{"title":"PROTEGEZ VOTRE INVESTISSEMENT","text":"<p>Nos tapis premium sur mesure protègent et gardent votre voiture en parfait état; ainsi votre véhicule est totalement protégé. Grace à Luxus Tapis Auto, la valeur de revente de votre véhicule sera nettement améliorée.<\/p>","link_label":"","link":""}},"template--15639747100809__9eaa6a40-2d8c-4570-b86c-29606c82cd51-column-2":{"type":"column","settings":{"title":"100% SATISFAIT OU REMBOURSE","text":"<p>Nous croyons tellement en nos produits, que nous offrons une garantie de remboursement intégral de 30 jours si pour une raison quelconque vous n'êtes pas satisfait.<\/p>","link_label":"","link":""}},"template--15639747100809__9eaa6a40-2d8c-4570-b86c-29606c82cd51-column-3":{"type":"column","settings":{"title":"2 ANS DE GARANTIE","text":"<p>Tous nos tapis auto 3D sur-mesure sont garantis pendant 2 ans. Vous avez un problème avec l'un de nos tapis ? Envoyez-nous un e-mail et nous le traiterons en moins de 12 heures !<\/p>","link_label":"","link":""}}},"block_order":["template--15639747100809__9eaa6a40-2d8c-4570-b86c-29606c82cd51-column-1","template--15639747100809__9eaa6a40-2d8c-4570-b86c-29606c82cd51-column-2","template--15639747100809__9eaa6a40-2d8c-4570-b86c-29606c82cd51-column-3"],"disabled":true,"settings":{"title":"POURQUOI CHOISIR LUXUS TAPIS AUTO?","heading_size":"h1","image_width":"full","image_ratio":"adapt","columns_desktop":3,"column_alignment":"left","background_style":"primary","button_label":"","button_link":"","color_scheme":"scheme-80ae97aa-ed29-4699-9d61-12d135707f29","columns_mobile":"1","swipe_on_mobile":false,"padding_top":36,"padding_bottom":36}},"ss_feature_1_aXGtzL":{"type":"ss-feature-1","blocks":{"image_6gw9ie":{"type":"image","settings":{"feature_title":"Livraison gratuite internationale","feature_text":"Nous livrons partout dans le monde, gratuitement.","feature_url":"","hide_image":false}},"image_gHtyLW":{"type":"image","settings":{"feature_title":"Produits authentiques Luxus","feature_text":"En achetant sur notre site, vous êtes sûr d'obtenir des produits authentiques.","feature_url":"","hide_image":false}},"image_LXBeMK":{"type":"image","settings":{"feature_title":"Satisfait ou remboursé","feature_text":"Si vous n'êtes pas entièrement satisfait de votre achat, nous nous engageons à vous rembourser.","feature_url":"","hide_image":false}},"image_VXtTGL":{"type":"image","settings":{"feature_title":"+700 Avis Trustpilot","feature_text":"Nous sommes fiers de démontrer notre engagement envers la satisfaction client et la qualité de nos produits.","feature_url":"","hide_image":false}}},"block_order":["image_6gw9ie","image_gHtyLW","image_LXBeMK","image_VXtTGL"],"settings":{"feature_row":4,"feature_row_mobile":1,"feature_gap":20,"feature_gap_mobile":20,"feature_padding_vertical":0,"feature_padding_horizontal":0,"feature_radius":16,"feature_border_thickness":0,"feature_shadow":false,"feature_heading_custom":false,"feature_heading_font":"josefin_sans_n4","feature_heading_size":14,"feature_heading_size_mobile":12,"feature_heading_height":130,"feature_heading_mt":8,"feature_text_custom":false,"feature_text_font":"josefin_sans_n4","feature_text_size":12,"feature_text_size_mobile":12,"feature_text_height":130,"feature_text_mt":4,"feature_icon_size":42,"feature_icon_size_mobile":42,"feature_bg":"#FFFFFF","feature_border_color":"#000000","feature_shadow_color":"#000000","feature_heading_color":"#625f6b","feature_text_color":"#625f6b","feature_icon_color":"#ce9d3f","background_color":"#FFFFFF","background_gradient":"","border_color":"#000000","margin_top":0,"margin_bottom":0,"padding_top":16,"padding_bottom":16,"padding_horizontal":5,"padding_horizontal_mobile":1.5,"full_width":false,"content_width":120,"border_thickness":0,"lazy":true}}},"order":["custom_liquid_jC3RQH","banner","collection_list_bfLWct","product-grid","9eaa6a40-2d8c-4570-b86c-29606c82cd51","ss_feature_1_aXGtzL"]}