{"sections":{"ss_video_banner_zfzdKf":{"type":"ss-video-banner","blocks":{"slide_ggnkjL":{"type":"slide","settings":{"autoplay":true,"video":"shopify:\/\/files\/videos\/videoLTAmain.mp4","video_url":"https:\/\/youtu.be\/DoIh7fEFjVQ","title":"","subtitle":"<p>TAPIS DE VOITURE PREMIUM FAITS SUR MESURE<\/p>","button":"","button_url":"shopify:\/\/collections\/all","second_button":"","second_button_url":"shopify:\/\/collections\/all"}}},"block_order":["slide_ggnkjL"],"settings":{"height":880,"height_mobile":260,"overlay_opacity":13,"interval":5,"image_object_fit":"fill","vertical_alignment":"center","horizontal_alignment":"center","title_custom":false,"title_font":"josefin_sans_n4","title_size":50,"title_size_mobile":32,"title_height":130,"subtitle_custom":false,"subtitle_font":"josefin_sans_n4","subtitle_size":30,"subtitle_size_mobile":10,"subtitle_height":130,"subtitle_mt":20,"buttons_mt":20,"buttons_gap":20,"button_custom":false,"button_font":"josefin_sans_n4","button_size":16,"button_size_mobile":16,"button_height":120,"button_padding_vertical":16,"button_padding_vertical_mobile":16,"button_padding_horizontal":32,"button_padding_horizontal_mobile":32,"button_radius":0,"button_border_thickness":0,"button_color":"#000000","button_hover_color":"#ffffff","button_bg_color":"#ffffff","button_bg_hover_color":"#000000","button_border_color":"#000000","button_border_hover_color":"#000000","second_button_color":"#000000","second_button_hover_color":"#ffffff","second_button_bg_color":"#ffffff","second_button_bg_hover_color":"#000000","second_button_border_color":"#000000","second_button_border_hover_color":"#000000","title_color":"#ffffff","subtitle_color":"#ffffff","overlay_color":"#000000","background_color":"#535353","padding_top":0,"padding_bottom":0,"padding_horizontal":3,"padding_horizontal_mobile":1.5,"margin_top":8,"margin_bottom":0,"margin_horizontal":0,"margin_horizontal_mobile":0,"section_width":120,"section_radius":10,"lazy":false}},"custom_liquid_qe7UKb":{"type":"custom-liquid","settings":{"custom_liquid":"<script defer async src='https:\/\/cdn.trustindex.io\/loader.js?175e98c33bdd20889596f2eb8f8'><\/script>","color_scheme":"","padding_top":40,"padding_bottom":52}},"29527775-6553-45d5-9e04-762285d9ba3d":{"type":"search-filters","settings":{"title":"Sélectionnez votre véhicule","subtitle":"Choisissez ensuite les tapis de sol conçus sur mesure pour votre véhicule","txtBtn":"Trouvez vos tapis de sol Luxus","color_bg":"#f2f2f2","html":""}},"ss_before_after_image_qYUkzp":{"type":"ss-before-after-image","blocks":{"text_inDfnN":{"type":"text","settings":{"subheading":"","heading":"AVANT\/APRES","content":"<p>Glissez le curseur vers la gauche pour transformer l'intérieur de cette Porsche Cayenne<\/p>","text_position":"center","color":"#808285"}},"images_RPxmKP":{"type":"images","settings":{"desktop_height":860,"mobile_height":280,"border_radius":12,"before_image":"shopify:\/\/shop_images\/1211de1_2__11zon.jpg","after_image":"shopify:\/\/shop_images\/1211de2_1__11zon.jpg","cover":true,"before_text":"Avant","after_text":"Après","before_text_color":"#ffffff","after_text_color":"#ffffff","before_after_text_position":"bottom","drag_initial_position":50,"drag_cursor_bg":"#ffffff","drag_cursor_color":"#ce9d3f"}},"button_tNLt4i":{"type":"button","disabled":true,"settings":{"link_text":"Shop now","link":"","button_position":"center","width":200,"font_size":16,"border_radius":10,"border_width":0,"color":"#ffffff","background_color":"#000000","hover_color":"#ffffff","hover_background_color":"#000000","border_color":"#000000"}}},"block_order":["text_inDfnN","images_RPxmKP","button_tNLt4i"],"settings":{"background_color":"rgba(0,0,0,0)","background":"","padding_top":36,"padding_bottom":36,"section-width":120}},"ed0befdd-38c9-4a19-8b7d-ea479558f617":{"type":"image-with-text","blocks":{"ef1b83be-0bbb-4257-8300-1ad282ba4d3e":{"type":"heading","settings":{"heading":"SUR MESURE POUR VOTRE VÉHICULE EXACT.","heading_size":"h1"}},"d11c5a52-e5c3-494a-be11-61a5398efce6":{"type":"text","settings":{"text":"<p>Adaptés aux dimensions de chaque véhicule, nos tapis sur mesure sont fabriqués à la demande pour votre véhicule spécifique et sont garantis pour fournir la meilleure compatibilité et protection sur le marché avec une couverture du sol allant jusqu'à 95 %.<\/p>","text_style":"body"}},"5390edf9-9257-41fe-a14b-e2bec2172941":{"type":"button","settings":{"button_label":"PERSONNALISER","button_link":"shopify:\/\/collections","button_style_secondary":false}}},"block_order":["ef1b83be-0bbb-4257-8300-1ad282ba4d3e","d11c5a52-e5c3-494a-be11-61a5398efce6","5390edf9-9257-41fe-a14b-e2bec2172941"],"settings":{"image":"shopify:\/\/shop_images\/3withlogo_1__11zon.webp","height":"adapt","desktop_image_width":"medium","layout":"text_first","desktop_content_position":"top","desktop_content_alignment":"left","content_layout":"no-overlap","color_scheme":"scheme-80ae97aa-ed29-4699-9d61-12d135707f29","image_behavior":"ambient","mobile_content_alignment":"left","padding_top":36,"padding_bottom":36}},"1877b45c-dc98-46ea-8985-b02f4827d226":{"type":"image-with-text","blocks":{"template--15639747231881__1877b45c-dc98-46ea-8985-b02f4827d226-heading-1":{"type":"heading","settings":{"heading":"PLANCHER SCANNÉ AU LASER POUR UN AJUSTEMENT PARFAIT.","heading_size":"h1"}},"template--15639747231881__1877b45c-dc98-46ea-8985-b02f4827d226-text-1":{"type":"text","settings":{"text":"<p>Les dimensions du sol de votre véhicule sont capturées à l'aide de notre scanner laser 3D de haute précision. Nous pouvons capturer chaque détail pour créer des modèles de tapis parfaitement adaptés à chaque véhicule, avec une précision inégalée dans l'industrie de 1 millimètre.<\/p>","text_style":"body"}},"template--15639747231881__1877b45c-dc98-46ea-8985-b02f4827d226-button-1":{"type":"button","settings":{"button_label":"PERSONNALISER","button_link":"shopify:\/\/collections","button_style_secondary":false}}},"block_order":["template--15639747231881__1877b45c-dc98-46ea-8985-b02f4827d226-heading-1","template--15639747231881__1877b45c-dc98-46ea-8985-b02f4827d226-text-1","template--15639747231881__1877b45c-dc98-46ea-8985-b02f4827d226-button-1"],"settings":{"image":"shopify:\/\/shop_images\/3D-Schnitt.jpg","height":"adapt","desktop_image_width":"medium","layout":"image_first","desktop_content_position":"top","desktop_content_alignment":"left","content_layout":"no-overlap","color_scheme":"scheme-80ae97aa-ed29-4699-9d61-12d135707f29","image_behavior":"ambient","mobile_content_alignment":"left","padding_top":36,"padding_bottom":36}},"9e493e2a-cd58-4723-be15-169731b24754":{"type":"image-with-text","blocks":{"4b02aa7d-46b5-44c6-a5c7-00b58c3415bc":{"type":"heading","settings":{"heading":"CONÇUS POUR UNE DURABILITE MAXIMALE.","heading_size":"h1"}},"b05867db-1c66-431f-abb7-7dc1669b3dd4":{"type":"text","settings":{"text":"<p>Le repose-pied de haute qualité est idéalement placé sur la zone où vos pieds reposent naturellement, améliorant ainsi le confort de conduite et la durabilité. Redécouvrez la conduite pieds nus grâce au confort inégalé et à la sensation tactile agréable que procure notre similicuir épais et moelleux.<\/p>","text_style":"body"}},"f97d6175-357a-429b-90ec-e1e0b437c1d9":{"type":"button","settings":{"button_label":"PERSONNALISER","button_link":"shopify:\/\/collections","button_style_secondary":false}}},"block_order":["4b02aa7d-46b5-44c6-a5c7-00b58c3415bc","b05867db-1c66-431f-abb7-7dc1669b3dd4","f97d6175-357a-429b-90ec-e1e0b437c1d9"],"settings":{"image":"shopify:\/\/shop_images\/2_5.webp","height":"adapt","desktop_image_width":"medium","layout":"text_first","desktop_content_position":"top","desktop_content_alignment":"left","content_layout":"no-overlap","color_scheme":"scheme-80ae97aa-ed29-4699-9d61-12d135707f29","image_behavior":"ambient","mobile_content_alignment":"left","padding_top":36,"padding_bottom":36}},"8a57b51d-2d07-4210-bb44-21c8226bf0c4":{"type":"image-with-text","blocks":{"bf591186-f239-4543-a411-6a8cdd696ef4":{"type":"heading","settings":{"heading":"COMPATIBILITÉ ET SÉCURITÉ SUPÉRIEURES.","heading_size":"h1"}},"c4e790a3-675d-4bd2-b06e-4b77f5c7375b":{"type":"text","settings":{"text":"<p>Luxus Tapis Auto n'interfèrent pas avec les zones clés de votre véhicule telles que les pédales, les bouches d'aération sous les sièges, les rails et les lumières sous les sièges arrière. Ils épousent parfaitement le plancher de votre véhicule.<\/p>","text_style":"body"}},"d59d8ce6-5e28-42c0-a6f5-5748099cb45d":{"type":"button","settings":{"button_label":"PERSONNALISER","button_link":"shopify:\/\/collections","button_style_secondary":false}}},"block_order":["bf591186-f239-4543-a411-6a8cdd696ef4","c4e790a3-675d-4bd2-b06e-4b77f5c7375b","d59d8ce6-5e28-42c0-a6f5-5748099cb45d"],"settings":{"image":"shopify:\/\/shop_images\/ezgif.com-optimize_21881b2d-3e65-4dc7-90d9-38f53a5464f9.gif","height":"adapt","desktop_image_width":"medium","layout":"image_first","desktop_content_position":"top","desktop_content_alignment":"left","content_layout":"no-overlap","color_scheme":"scheme-80ae97aa-ed29-4699-9d61-12d135707f29","image_behavior":"ambient","mobile_content_alignment":"left","padding_top":36,"padding_bottom":36}},"459ad5bd-96b7-4028-aeed-c8b6f2f5007d":{"type":"image-with-text","blocks":{"32d1fdd2-f4ab-4cdd-a133-bdb158431a6e":{"type":"heading","settings":{"heading":"6 CLIPS INTÉGRÉS POUR CHAQUE TAPIS.","heading_size":"h1"}},"8659923c-0250-4605-82b9-4ceda146863d":{"type":"text","settings":{"text":"<p>Chaque tapis est équipé de clips stratégiquement placés qui se glissent sous les garnitures en plastique de votre véhicule pour garantir un ajustement parfait. Les tapis sont également fournis avec un velcro à forte adhérence en option pour les fixer en place.<\/p>","text_style":"body"}},"d77da508-fd87-4693-9a2e-c64692e9ff59":{"type":"button","settings":{"button_label":"PERSONNALISER","button_link":"shopify:\/\/collections","button_style_secondary":false}}},"block_order":["32d1fdd2-f4ab-4cdd-a133-bdb158431a6e","8659923c-0250-4605-82b9-4ceda146863d","d77da508-fd87-4693-9a2e-c64692e9ff59"],"settings":{"image":"shopify:\/\/shop_images\/frezgif.com-optimize.gif","height":"adapt","desktop_image_width":"medium","layout":"text_first","desktop_content_position":"top","desktop_content_alignment":"left","content_layout":"no-overlap","color_scheme":"scheme-80ae97aa-ed29-4699-9d61-12d135707f29","image_behavior":"ambient","mobile_content_alignment":"left","padding_top":36,"padding_bottom":36}},"b4cdae63-d2ba-41fd-a9c5-09e64d51af83":{"type":"image-banner","blocks":{"template--15639747231881__b4cdae63-d2ba-41fd-a9c5-09e64d51af83-heading-1":{"type":"heading","settings":{"heading":"PLANCHER SCANNE AU LASER POUR UNE COUPE PARFAITE.","heading_size":"h2"}},"template--15639747231881__b4cdae63-d2ba-41fd-a9c5-09e64d51af83-text-1":{"type":"text","settings":{"text":"Les données relatives à l'intérieur de votre véhicule sont capturées à l'aide de notre scanner laser 3D de haute précision. Nous pouvons capturer chaque détail pour créer des modèles de tapis parfaitement adaptés à chaque fois, avec une précision inégalée dans l'industrie de 0,1 millimètre.","text_style":"body"}},"template--15639747231881__b4cdae63-d2ba-41fd-a9c5-09e64d51af83-buttons-1":{"type":"buttons","settings":{"button_label_1":"ACCEDER","button_link_1":"shopify:\/\/collections","button_style_secondary_1":false,"button_label_2":"","button_link_2":"shopify:\/\/collections","button_style_secondary_2":false}}},"block_order":["template--15639747231881__b4cdae63-d2ba-41fd-a9c5-09e64d51af83-heading-1","template--15639747231881__b4cdae63-d2ba-41fd-a9c5-09e64d51af83-text-1","template--15639747231881__b4cdae63-d2ba-41fd-a9c5-09e64d51af83-buttons-1"],"disabled":true,"settings":{"image":"shopify:\/\/shop_images\/Screen_Shot_2022-04-20_at_3.27.20_PM.webp","image_overlay_opacity":0,"image_height":"large","desktop_content_position":"top-right","show_text_box":true,"desktop_content_alignment":"center","color_scheme":"scheme-80ae97aa-ed29-4699-9d61-12d135707f29","image_behavior":"ambient","mobile_content_alignment":"left","stack_images_on_mobile":true,"show_text_below":true}},"b47bdebb-c263-4ccd-900d-f357f97e8679":{"type":"image-banner","blocks":{"257053cf-121a-43ff-91cc-14353001f7a2":{"type":"heading","settings":{"heading":"SUR MESURE POUR VOTRE VÉHICULE.","heading_size":"h2"}},"07ecf4b2-508e-4999-9137-4aa795162580":{"type":"text","settings":{"text":"Adaptés aux mesures de chaque véhicule, nos tapis sur mesure sont fabriqués à la demande pour votre véhicule spécifique et sont garantis pour fournir le meilleur ajustement et la meilleure protection sur le marché avec une couverture du sol allant jusqu'à 95 %.","text_style":"body"}},"cd9b7e30-1280-4b8d-b891-f1a0f5c020fe":{"type":"buttons","settings":{"button_label_1":"ACCEDER","button_link_1":"shopify:\/\/collections","button_style_secondary_1":false,"button_label_2":"","button_link_2":"","button_style_secondary_2":false}}},"block_order":["257053cf-121a-43ff-91cc-14353001f7a2","07ecf4b2-508e-4999-9137-4aa795162580","cd9b7e30-1280-4b8d-b891-f1a0f5c020fe"],"disabled":true,"settings":{"image":"shopify:\/\/shop_images\/DSC_2136_laau_8.webp","image_overlay_opacity":0,"image_height":"large","desktop_content_position":"middle-center","show_text_box":true,"desktop_content_alignment":"center","color_scheme":"scheme-80ae97aa-ed29-4699-9d61-12d135707f29","image_behavior":"ambient","mobile_content_alignment":"left","stack_images_on_mobile":true,"show_text_below":true}},"image_with_text_C4f8pb":{"type":"image-with-text","blocks":{"heading_brUPLB":{"type":"heading","settings":{"heading":"BADGE D'AUTHENTICITE LUXUS.","heading_size":"h1"}},"text_rhrV9m":{"type":"text","settings":{"text":"<p>Nos tapis de sol sont souvent copiés et reproduits par des entreprises malhonnêtes qui proposent des imitations de mauvaise qualité. C'est pourquoi tous nos tapis sont accompagnés d'un badge d'authenticité Luxus, garantissant une authenticité à 100 %. Ce badge vous offre la tranquillité d'esprit lors de votre commande, vous assurant que vous investissez dans un produit de qualité supérieure, conçu pour durer.<\/p>","text_style":"body"}},"button_raQHP8":{"type":"button","settings":{"button_label":"PERSONNALISER","button_link":"shopify:\/\/collections","button_style_secondary":false}}},"block_order":["heading_brUPLB","text_rhrV9m","button_raQHP8"],"settings":{"image":"shopify:\/\/shop_images\/frmainbadge_11zon_06af1bbe-829c-465b-970d-42386720c4b5.jpg","height":"adapt","desktop_image_width":"medium","layout":"image_first","desktop_content_position":"top","desktop_content_alignment":"left","content_layout":"no-overlap","color_scheme":"scheme-80ae97aa-ed29-4699-9d61-12d135707f29","image_behavior":"none","mobile_content_alignment":"left","padding_top":36,"padding_bottom":36}},"6f0efefd-4648-44b3-b9dd-3ebfda37cefb":{"type":"image-banner","blocks":{"3e8ba144-600f-4d19-b6f4-f519416d74de":{"type":"heading","settings":{"heading":"CONCU POUR DURER.","heading_size":"h2"}},"26bb012e-817f-48dd-b6dd-667a3c99843e":{"type":"text","settings":{"text":"La grande talonnette de haute qualité est idéalement placée sur la zone où vos pieds reposent naturellement, améliorant ainsi le confort de conduite et la durabilité. Redécouvrez la conduite pieds nus grâce au confort inégalé et à la sensation tactile agréable que procure notre éco-cuir épais et moelleux.","text_style":"body"}},"266f7bb3-6f38-4ff3-b354-a97bcd5ca61f":{"type":"buttons","settings":{"button_label_1":"ACCEDER","button_link_1":"shopify:\/\/collections","button_style_secondary_1":false,"button_label_2":"","button_link_2":"","button_style_secondary_2":false}}},"block_order":["3e8ba144-600f-4d19-b6f4-f519416d74de","26bb012e-817f-48dd-b6dd-667a3c99843e","266f7bb3-6f38-4ff3-b354-a97bcd5ca61f"],"disabled":true,"settings":{"image":"shopify:\/\/shop_images\/DSC_2102_laau_5.webp","image_overlay_opacity":0,"image_height":"large","desktop_content_position":"middle-center","show_text_box":true,"desktop_content_alignment":"center","color_scheme":"scheme-80ae97aa-ed29-4699-9d61-12d135707f29","image_behavior":"fixed","mobile_content_alignment":"left","stack_images_on_mobile":true,"show_text_below":true}},"edf246c4-a4f2-4fe1-bccf-9ea5da471e4c":{"type":"image-banner","blocks":{"d6054764-7874-41ff-b179-a1556cb5c697":{"type":"heading","settings":{"heading":"COMPATIBILITÉ ET SÉCURITÉ SUPÉRIEURES.","heading_size":"h2"}},"5a427d37-cd4e-47aa-949c-fd6d7e097bc8":{"type":"text","settings":{"text":"Luxus Tapis Auto n'interfèrent pas avec les zones clés de votre véhicule telles que les pédales, les bouches d'aération sous les sièges, les rails et les lumières sous les sièges arrière. Ils se mettent tout simplement \"en place\".","text_style":"body"}},"dccd3080-728a-4d7f-a5bf-4aa932ae2b3a":{"type":"buttons","settings":{"button_label_1":"ACCEDER","button_link_1":"shopify:\/\/collections","button_style_secondary_1":false,"button_label_2":"","button_link_2":"","button_style_secondary_2":false}}},"block_order":["d6054764-7874-41ff-b179-a1556cb5c697","5a427d37-cd4e-47aa-949c-fd6d7e097bc8","dccd3080-728a-4d7f-a5bf-4aa932ae2b3a"],"disabled":true,"settings":{"image":"shopify:\/\/shop_images\/DSC_2129_laau_6.webp","image_overlay_opacity":0,"image_height":"large","desktop_content_position":"middle-center","show_text_box":true,"desktop_content_alignment":"center","color_scheme":"scheme-80ae97aa-ed29-4699-9d61-12d135707f29","image_behavior":"ambient","mobile_content_alignment":"left","stack_images_on_mobile":true,"show_text_below":true}},"ss_scrolling_logo_cloud_cnUFXW":{"type":"ss-scrolling-logo-cloud","blocks":{"slide_rV3rid":{"type":"slide","settings":{"image":"shopify:\/\/shop_images\/pngimg.com_-_car_logo_PNG1641_5_11zon.jpg","link":""}},"slide_WUtkhD":{"type":"slide","settings":{"image":"shopify:\/\/shop_images\/pngimg.com_-_car_logo_PNG1640_4_11zon.jpg","link":""}},"slide_pXXLpi":{"type":"slide","settings":{"image":"shopify:\/\/shop_images\/pngimg.com_-_car_logo_PNG1655_16_11zon.jpg","link":""}},"slide_fnRz9B":{"type":"slide","settings":{"image":"shopify:\/\/shop_images\/pngimg.com_-_car_logo_PNG1636_1_11zon.jpg","link":""}},"slide_xJiPFk":{"type":"slide","settings":{"image":"shopify:\/\/shop_images\/pngimg.com_-_car_logo_PNG1637_2_11zon.jpg","link":""}},"slide_XVjzPt":{"type":"slide","settings":{"image":"shopify:\/\/shop_images\/pngimg.com_-_car_logo_PNG1639_3_11zon.jpg","link":""}},"slide_8EcnY6":{"type":"slide","settings":{"image":"shopify:\/\/shop_images\/pngimg.com_-_car_logo_PNG1644_6_11zon.jpg","link":""}},"slide_QfhiW6":{"type":"slide","settings":{"image":"shopify:\/\/shop_images\/pngimg.com_-_car_logo_PNG1645_7_11zon.jpg","link":""}},"slide_CmitqY":{"type":"slide","settings":{"image":"shopify:\/\/shop_images\/pngimg.com_-_car_logo_PNG1646_8_11zon.jpg","link":""}},"slide_zy8Mqq":{"type":"slide","settings":{"image":"shopify:\/\/shop_images\/pngimg.com_-_car_logo_PNG1647_9_11zon.jpg","link":""}},"slide_pajDAf":{"type":"slide","settings":{"image":"shopify:\/\/shop_images\/pngimg.com_-_car_logo_PNG1648_10_11zon.jpg","link":""}},"slide_pHJANw":{"type":"slide","settings":{"image":"shopify:\/\/shop_images\/pngimg.com_-_car_logo_PNG1649_11_11zon.jpg","link":""}},"slide_8CqGG3":{"type":"slide","settings":{"image":"shopify:\/\/shop_images\/pngimg.com_-_car_logo_PNG1651_12_11zon.jpg","link":""}},"slide_7XwHGa":{"type":"slide","settings":{"image":"shopify:\/\/shop_images\/pngimg.com_-_car_logo_PNG1652_13_11zon.jpg","link":""}},"slide_a6KhaC":{"type":"slide","settings":{"image":"shopify:\/\/shop_images\/pngimg.com_-_car_logo_PNG1653_14_11zon.jpg","link":""}},"slide_93Pz4c":{"type":"slide","settings":{"image":"shopify:\/\/shop_images\/pngimg.com_-_car_logo_PNG1654_15_11zon.jpg","link":""}},"slide_tcKxzx":{"type":"slide","settings":{"image":"shopify:\/\/shop_images\/pngimg.com_-_car_logo_PNG1658_17_11zon.jpg","link":""}},"slide_9KYNPY":{"type":"slide","settings":{"image":"shopify:\/\/shop_images\/pngimg.com_-_car_logo_PNG1660_18_11zon.jpg","link":""}},"slide_NyFDDy":{"type":"slide","settings":{"image":"shopify:\/\/shop_images\/pngimg.com_-_car_logo_PNG1661_19_11zon.jpg","link":""}},"slide_qxinJW":{"type":"slide","settings":{"image":"shopify:\/\/shop_images\/pngimg.com_-_car_logo_PNG1662_20_11zon.jpg","link":""}},"slide_dmknwC":{"type":"slide","settings":{"image":"shopify:\/\/shop_images\/pngimg.com_-_car_logo_PNG1663_21_11zon.jpg","link":""}},"slide_EHmiDG":{"type":"slide","settings":{"image":"shopify:\/\/shop_images\/pngimg.com_-_car_logo_PNG1664_22_11zon.jpg","link":""}},"slide_Xb347U":{"type":"slide","settings":{"image":"shopify:\/\/shop_images\/pngimg.com_-_car_logo_PNG1665_23_11zon.jpg","link":""}},"slide_k6F7QA":{"type":"slide","settings":{"image":"shopify:\/\/shop_images\/pngimg.com_-_car_logo_PNG1666_24_11zon.jpg","link":""}},"slide_RxMKgf":{"type":"slide","settings":{"image":"shopify:\/\/shop_images\/pngimg.com_-_car_logo_PNG1667_25_11zon.jpg","link":""}},"slide_GJKLdy":{"type":"slide","settings":{"image":"shopify:\/\/shop_images\/pngimg.com_-_car_logo_PNG1668_26_11zon.jpg","link":""}},"slide_6qcCXd":{"type":"slide","settings":{"image":"shopify:\/\/shop_images\/pngimg.com_-_car_logo_PNG1669_27_11zon.jpg","link":""}}},"block_order":["slide_rV3rid","slide_WUtkhD","slide_pXXLpi","slide_fnRz9B","slide_xJiPFk","slide_XVjzPt","slide_8EcnY6","slide_QfhiW6","slide_CmitqY","slide_zy8Mqq","slide_pajDAf","slide_pHJANw","slide_8CqGG3","slide_7XwHGa","slide_a6KhaC","slide_93Pz4c","slide_tcKxzx","slide_9KYNPY","slide_NyFDDy","slide_qxinJW","slide_dmknwC","slide_EHmiDG","slide_Xb347U","slide_k6F7QA","slide_RxMKgf","slide_GJKLdy","slide_6qcCXd"],"settings":{"ss-title":"QUELQUES MARQUES","heading_custom":true,"heading_font":"assistant_n4","header_size":30,"header_align":"center","scrolling_velocity":36,"pause_hover":false,"shadow":false,"sliders_mt":16,"logo_padding_top":0,"logo_padding_bottom":0,"slider_gap":30,"slider_gap_mobile":30,"slider_direction":"left","icon_width":200,"header_color":"#808285","border_color":"#ffffff","background-color":"#ffffff","slider-background-color":"#ffffff","margin_top":0,"margin_bottom":0,"padding_top":36,"padding_bottom":36,"full_width":true,"content_width":120,"border_thickness":0,"lazy":true}},"collection_list_6MAiVd":{"type":"collection-list","blocks":{"featured_collection_qPj9Di":{"type":"featured_collection","settings":{"collection":"tapis-de-sol-coutures-en-diamant"}},"featured_collection_TWXyTk":{"type":"featured_collection","settings":{"collection":"tapis-de-sol-luxus-surpiqures-en-nid-dabeille"}},"featured_collection_UMEyiq":{"type":"featured_collection","settings":{"collection":"tapis-de-sol-coutures-en-bandes"}},"featured_collection_ccrCR6":{"type":"featured_collection","settings":{"collection":"tapis-de-sol-en-3d-surpiqures-hybrides"}}},"block_order":["featured_collection_qPj9Di","featured_collection_TWXyTk","featured_collection_UMEyiq","featured_collection_ccrCR6"],"settings":{"title":"COLLECTIONS","heading_size":"h1","image_ratio":"square","columns_desktop":2,"color_scheme":"scheme-80ae97aa-ed29-4699-9d61-12d135707f29","show_view_all":false,"columns_mobile":"1","swipe_on_mobile":true,"padding_top":36,"padding_bottom":36}},"9e7e80f2-3414-47b7-ad2b-bd6e1bf38baa":{"type":"image-banner","blocks":{"7ead6063-4eaa-4151-91fa-caf58d2f7973":{"type":"heading","settings":{"heading":"6 CLIPS INTÉGRÉS POUR CHAQUE TAPIS.","heading_size":"h2"}},"f5c55628-609c-4f89-a0d9-617a43a64708":{"type":"text","settings":{"text":"Chaque tapis est équipé de clips stratégiquement placés qui se glissent sous les garnitures de votre véhicule pour garantir un ajustement parfait. Les tapis sont également fournis avec un velcro à forte adhérence en option pour les fixer en place.","text_style":"body"}},"8d9ec676-7936-41a6-92b1-5b75ebc4bfb8":{"type":"buttons","settings":{"button_label_1":"ACCEDER","button_link_1":"shopify:\/\/collections","button_style_secondary_1":false,"button_label_2":"","button_link_2":"","button_style_secondary_2":false}}},"block_order":["7ead6063-4eaa-4151-91fa-caf58d2f7973","f5c55628-609c-4f89-a0d9-617a43a64708","8d9ec676-7936-41a6-92b1-5b75ebc4bfb8"],"disabled":true,"settings":{"image":"shopify:\/\/shop_images\/frezgif.com-optimize.gif","image_overlay_opacity":0,"image_height":"large","desktop_content_position":"bottom-left","show_text_box":true,"desktop_content_alignment":"center","color_scheme":"scheme-80ae97aa-ed29-4699-9d61-12d135707f29","image_behavior":"ambient","mobile_content_alignment":"left","stack_images_on_mobile":true,"show_text_below":true}},"ss_slider_2_AVmEiL":{"type":"ss-slider-2","blocks":{"slide_XNiJAF":{"type":"slide","settings":{"image":"shopify:\/\/shop_images\/IMG_7635_11zon.jpg","title":"BMW 435i","button":"Motif Diamant | Noir et Surpiqures Blanches","url":"https:\/\/luxustapisauto.fr\/products\/tapis-de-sol-premium-sur-mesure-noir-et-surpiqures-blanches"}},"slide_xyjrTx":{"type":"slide","settings":{"image":"shopify:\/\/shop_images\/IMG_2043_11zon.jpg","title":"Ford Mustang","button":"Motif Diamant | Noir et Surpiqures Rouges","url":"https:\/\/luxustapisauto.fr\/products\/tapis-de-sol-premium-sur-mesure-noir-et-surpiqures-rouges"}},"slide_tLwxHD":{"type":"slide","settings":{"image":"shopify:\/\/shop_images\/IMG_6547_11zon_1.jpg","title":"Tesla Model X","button":"Motif Diamant | Gris Perle","url":"https:\/\/luxustapisauto.fr\/products\/tapis-de-sol-premium-sur-mesure-gris-perle?_pos=3&_psq=gris+perle&_ss=e&_v=1.0"}},"slide_eqi8YQ":{"type":"slide","settings":{"image":"shopify:\/\/shop_images\/Screenshot_2024-01-25_at_1.21.51_PM.jpg","title":"Alfa Romeo Giulia","button":"Motif Diamant | Noir et Surpiqures Rouges","url":"https:\/\/luxustapisauto.fr\/products\/tapis-de-sol-premium-sur-mesure-noir-et-surpiqures-rouges"}},"slide_BUceVQ":{"type":"slide","settings":{"image":"shopify:\/\/shop_images\/Ferrari458LuxusCarMats_11zon.jpg","title":"Ferrari 458 Italia","button":"Motif Diamant | Noir et Surpiqures Beiges","url":"https:\/\/luxustapisauto.fr\/products\/tapis-de-sol-premium-sur-mesure-noir-surpiqures-beiges"}},"slide_ccJJkt":{"type":"slide","settings":{"image":"shopify:\/\/shop_images\/IMG_9709_11zon.jpg","title":"Aston Martin DB11","button":"Motif Diamant | Rouge Ferrari","url":"https:\/\/luxustapisauto.fr\/products\/tapis-de-sol-premium-sur-mesure-rouge-ferrari"}},"slide_CHqNmW":{"type":"slide","settings":{"image":"shopify:\/\/shop_images\/LTAbadgepic_11zon_37d18145-55c4-4f15-b09e-a351393a5ba8.jpg","title":"BMW 435i","button":"Motif Diamant | Noir et Surpiqures Blanches","url":"https:\/\/luxustapisauto.fr\/products\/tapis-de-sol-premium-sur-mesure-noir-et-surpiqures-blanches"}},"slide_4rgdGb":{"type":"slide","settings":{"image":"shopify:\/\/shop_images\/IMG_9708_11zon.jpg","title":"Aston Martin DB11","button":"Motif Diamant | Rouge Ferrari","url":"https:\/\/luxustapisauto.fr\/products\/tapis-de-sol-premium-sur-mesure-rouge-ferrari"}},"slide_V944Gx":{"type":"slide","settings":{"image":"shopify:\/\/shop_images\/DSC00005_11zon.jpg","title":"Ferrari 612 Scaglietti","button":"Motif Diamant | Noir et Surpiqures Beiges","url":"https:\/\/luxustapisauto.fr\/products\/tapis-de-sol-premium-sur-mesure-noir-surpiqures-beiges"}},"slide_gjT7rq":{"type":"slide","settings":{"image":"shopify:\/\/shop_images\/IMG20220226150616_11zon.jpg","title":"Mercedes-Benz GLE","button":"Motif Diamant | Marron Chocolat","url":"https:\/\/luxustapisauto.fr\/products\/tapis-de-sol-premium-sur-mesure-marron-chocolat"}},"slide_NAYjJw":{"type":"slide","settings":{"image":"shopify:\/\/shop_images\/2016_BMW_X6_d0117f11-5056-4569-ad83-a84a504df5e2_11zon.jpg","title":"BMW X6 M","button":"Motif Diamant | Marron Caramel.","url":"shopify:\/\/products\/tapis-de-sol-premium-sur-mesure-marron-caramel"}},"slide_8wUJGM":{"type":"slide","settings":{"image":"shopify:\/\/shop_images\/maroon_customer_1024x1024_2x_03f247ec-eb4b-4ebf-bc5e-a1ff9fa7ebdb.jpg","title":"Audi R8","button":"Motif Diamant | Rouge Cerise","url":"shopify:\/\/products\/tapis-de-sol-premium-sur-mesure-rouge-cerise"}},"slide_k3hxD6":{"type":"slide","settings":{"image":"shopify:\/\/shop_images\/Volvo_XC90_e479e73b-aebc-4960-9a5e-90fb2b54bc20_11zon.jpg","title":"Volvo XC 90","button":"Motif Diamant | Noir & Surpiqures Blanches","url":"shopify:\/\/products\/tapis-de-sol-premium-sur-mesure-noir-et-surpiqures-blanches"}},"slide_pj38Pn":{"type":"slide","settings":{"image":"shopify:\/\/shop_images\/65D5A777-1735-4882-9895-0CEAB73AF779_1__11zon.jpg","title":"Mercedes-Benz Classe C","button":"Motif Diamant | Rouge Cerise","url":"shopify:\/\/products\/tapis-de-sol-premium-sur-mesure-rouge-cerise"}},"slide_7Emn7e":{"type":"slide","settings":{"image":"shopify:\/\/shop_images\/IMG_2851_1__11zon.jpg","title":"Kia Stinger","button":"Motif Diamant | Rouge Ferrari","url":""}}},"block_order":["slide_XNiJAF","slide_xyjrTx","slide_tLwxHD","slide_eqi8YQ","slide_BUceVQ","slide_ccJJkt","slide_CHqNmW","slide_4rgdGb","slide_V944Gx","slide_gjT7rq","slide_NAYjJw","slide_8wUJGM","slide_k3hxD6","slide_pj38Pn","slide_7Emn7e"],"settings":{"slider_view":4,"slider_view_mobile":1.5,"slider_rotate":0,"card_padding_vertical":24,"card_padding_vertical_mobile":24,"card_padding_horizontal":40,"card_padding_horizontal_mobile":30,"card_radius":0,"card_border_thickness":0,"card_shadow":true,"card_ratio":"portrait","card_ratio_mobile":"portrait","card_overlay":0.1,"content_horizontal_position":"center","content_horizontal_position_mobile":"center","content_vertical_position":"end","content_vertical_position_mobile":"end","title_custom":true,"title_font":"josefin_sans_n4","title_size":28,"title_size_mobile":28,"title_height":100,"button_custom":true,"button_font":"josefin_sans_n4","button_size":14,"button_size_mobile":14,"button_height":100,"button_mt":16,"button_padding_vertical":12,"button_padding_horizontal":20,"button_radius":0,"button_border_thickness":1,"arrow_size":50,"arrow_size_mobile":32,"arrow_icon_size":20,"arrow_icon_size_mobile":12,"arrow_border_thickness":0,"arrow_show_desktop":true,"arrow_show_mobile":true,"card_border_color":"#000000","card_shadow_color":"#000000","card_overlay_color":"#000000","title_color":"#ffffff","button_color":"#ffffff","button_hover_color":"#000000","button_bg_color":"","button_bg_hover_color":"#ffffff","button_border_color":"#ffffff","button_border_hover_color":"#ffffff","arrow_color":"#000000","arrow_hover_color":"#ffffff","arrow_bg_color":"#ffffff","arrow_bg_hover_color":"#000000","arrow_border_color":"#000000","arrow_border_hover_color":"#454545","background_color":"#ffffff","background_gradient":"","border_color":"#000000","margin_top":0,"margin_bottom":0,"padding_top":36,"padding_bottom":36,"padding_horizontal":0,"padding_horizontal_mobile":0,"full_width":true,"content_width":120,"border_thickness":0,"lazy":true}},"c33996e7-0815-494f-b398-58ccce51bf29":{"type":"rich-text","blocks":{"template--14519597236361__c33996e7-0815-494f-b398-58ccce51bf29-1669994935a6309ece-1":{"type":"text","disabled":true,"settings":{"text":"<p>Share information about your brand with your customers. Describe a product, make announcements, or welcome customers to your store.<\/p>"}},"template--14519597236361__c33996e7-0815-494f-b398-58ccce51bf29-1669994935a6309ece-2":{"type":"button","disabled":true,"settings":{"button_label":"Button label","button_link":"","button_style_secondary":false,"button_label_2":"","button_link_2":"","button_style_secondary_2":false}}},"block_order":["template--14519597236361__c33996e7-0815-494f-b398-58ccce51bf29-1669994935a6309ece-1","template--14519597236361__c33996e7-0815-494f-b398-58ccce51bf29-1669994935a6309ece-2"],"settings":{"desktop_content_position":"center","content_alignment":"center","color_scheme":"scheme-80ae97aa-ed29-4699-9d61-12d135707f29","full_width":true,"padding_top":0,"padding_bottom":40}},"featured_collection":{"type":"featured-collection","settings":{"title":"TAPIS AUTO PREMIUM 3D SUR MESURE | SURPIQURES EN DIAMANT.","heading_size":"h2","description":"<p>Protégez et embellissez l'intérieur de votre véhicule avec nos tapis en similicuir fabriqués sur mesure. Disponibles en plusieurs combinaisons de couleurs, ils épouseront parfaitement l'ambiance intérieure de votre véhicule.<\/p>","show_description":false,"description_style":"body","collection":"tapis-de-sol-coutures-en-diamant","products_to_show":22,"columns_desktop":4,"full_width":true,"show_view_all":true,"view_all_style":"solid","enable_desktop_slider":true,"color_scheme":"inverse","image_ratio":"portrait","image_shape":"default","show_secondary_image":true,"show_vendor":false,"show_rating":false,"enable_quick_add":false,"columns_mobile":"1","swipe_on_mobile":true,"padding_top":28,"padding_bottom":36}},"1658000911c46e4dfa":{"type":"featured-collection","settings":{"title":"TAPIS DE COFFRE PREMIUM SUR MESURE.","heading_size":"h2","description":"<p>Protégez et embellissez votre coffre avec nos tapis de coffre premium fabriqués sur mesure. Appréciez un agréable toucher grace au similicuir doux.<\/p>","show_description":false,"description_style":"body","collection":"tapis-de-coffre-luxus-basic","products_to_show":8,"columns_desktop":4,"full_width":false,"show_view_all":false,"view_all_style":"solid","enable_desktop_slider":true,"color_scheme":"scheme-80ae97aa-ed29-4699-9d61-12d135707f29","image_ratio":"portrait","image_shape":"default","show_secondary_image":false,"show_vendor":false,"show_rating":false,"enable_quick_add":false,"columns_mobile":"1","swipe_on_mobile":true,"padding_top":36,"padding_bottom":36}},"ss_comparison_table_2_BdBriE":{"type":"ss-comparison-table-2","blocks":{"item_B8W74R":{"type":"item","settings":{"row_heading":"Badge d'authenticité Luxus","first_icon":"yes","second_icon":"no","third_icon":"no"}},"item_mBQX6D":{"type":"item","settings":{"row_heading":"Similicuir premium, doux et épais","first_icon":"yes","second_icon":"no","third_icon":"yes"}},"item_MJzTAQ":{"type":"item","settings":{"row_heading":"700 Avis Trustpilot","first_icon":"yes","second_icon":"no","third_icon":"yes"}},"item_caL7tb":{"type":"item","settings":{"row_heading":"Mesures précises au mm près","first_icon":"yes","second_icon":"no","third_icon":"yes"}},"item_bDrieF":{"type":"item","settings":{"row_heading":"Durabilité maximale","first_icon":"yes","second_icon":"no","third_icon":"no"}},"item_RnJgkn":{"type":"item","settings":{"row_heading":"Clips d'installation préinstallés et velcro fourni","first_icon":"yes","second_icon":"yes","third_icon":"no"}},"item_DQc3ka":{"type":"item","settings":{"row_heading":"Garantie 2 ans","first_icon":"yes","second_icon":"no","third_icon":"no"}},"item_bAN3da":{"type":"item","settings":{"row_heading":"Repose pied premium","first_icon":"yes","second_icon":"no","third_icon":"dont_know"}},"item_taXayF":{"type":"item","settings":{"row_heading":"Sans odeur","first_icon":"yes","second_icon":"no","third_icon":"yes"}}},"block_order":["item_B8W74R","item_mBQX6D","item_MJzTAQ","item_caL7tb","item_bDrieF","item_RnJgkn","item_DQc3ka","item_bAN3da","item_taXayF"],"settings":{"heading":"POURQUOI NOUS CHOISIR","heading_custom":true,"heading_font":"assistant_n4","heading_size":34,"heading_height":100,"heading_align":"center","table_mt":50,"table_radius":10,"table_border_thickness":3,"table_column_active":"1","table_column_active_radius":10,"first_heading":"Luxus Tapis Auto","second_heading":"Autres","third_heading":"","table_heading_custom":true,"table_heading_font":"assistant_n4","table_heading_size":24,"table_heading_size_mobile":10,"table_heading_height":100,"table_heading_align":"center","table_heading_padding_horizontal":20,"table_heading_padding_horizontal_mobile":4,"table_heading_padding_vertical":20,"table_heading_padding_vertical_mobile":10,"table_row_padding_horizontal":20,"table_row_padding_horizontal_mobile":4,"table_row_padding_vertical":20,"table_row_padding_vertical_mobile":10,"table_row_heading_custom":true,"table_row_heading_font":"assistant_n4","table_row_heading_size":22,"table_row_heading_size_mobile":10,"table_row_heading_height":100,"table_row_heading_align":"center","table_icon_size":32,"table_icon_size_mobile":20,"heading_color":"#808285","table_border_color":"#d7d8d5","table_heading_color":"#625f6b","table_heading_active_color":"#ffffff","table_column_active_bg_color":"#ce9d3f","table_row_heading_color":"#676767","table_icon_color":"#686868","table_icon_active_color":"#ffffff","background_color":"#f6f4f2","background_gradient":"","border_color":"#000000","margin_top":0,"margin_bottom":0,"padding_top":36,"padding_bottom":36,"padding_horizontal":5,"padding_horizontal_mobile":1.5,"full_width":false,"content_width":150,"border_thickness":0}},"165800200828fea701":{"type":"collapsible-content","blocks":{"1658002008409f3c3f-0":{"type":"collapsible_row","settings":{"heading":"100% SUR-MESURE","icon":"ruler","row_content":"<p>Contrairement aux tapis universels, tous nos tapis sont conçus sur mesure pour plus de 1000 véhicules différents; nous avons scanné chaque véhicule avec un scanner laser 3D high-tech qui enregistre les dimensions de sol du véhicule au mm près.<\/p>","page":""}},"1658002008409f3c3f-1":{"type":"collapsible_row","settings":{"heading":"95% DE COUVERTURE DE SOL","icon":"star","row_content":"<p>Les tapis de sol Luxus Tapis Auto protègent là où les autres s'arrêtent, ils épousent parfaitement les moindres recoins du plancher de votre véhicule offrant ainsi un niveau de protection inégalé sur le marché.<\/p>","page":""}},"1658002008409f3c3f-2":{"type":"collapsible_row","settings":{"heading":"NETTOYAGE FACILE","icon":"washing","row_content":"<p>Nul besoin d'oter vos tapis de sol  et de les aspirer pour chaque nettoyage. Grace à la couverture de 95% du plancher de votre véhicule, les tapis de sol Luxus Tapis Auto piègent poussière, liquide et autre éléments; tout ce dont vous avez besoin est une microfibre humide pour leur redonner un aspect neuf.<\/p>","page":""}},"1658002008409f3c3f-3":{"type":"collapsible_row","settings":{"heading":"SIMILICUIR PREMIUM","icon":"leather","row_content":"<p>Nous utilisons uniquement du similicuir de haute qualité testé pour résister aux conditions les plus sévères; doux au toucher, vous et vos passagers allez succomber au plaisir d'avoir les pieds nus durant les long trajets.<\/p>","page":""}},"8220363a-92fc-415b-b4a1-d1df0a9fbff8":{"type":"collapsible_row","settings":{"heading":"INSTALLATION FACILE ET RAPIDE","icon":"lightning_bolt","row_content":"<p>L'installation facile et intuitive se fait en moins de 5 minutes et ne requiert pas l'intervention d'un professionnel.<\/p>","page":""}},"76e92b67-3bc8-457c-b128-3f4b41ccce75":{"type":"collapsible_row","settings":{"heading":"100% IMPERMEABLE","icon":"check_mark","row_content":"<p>Nos tapis sont 100% impérméables; vous ne craindrez donc plus de renverser votre boisson favorite; votre plancher sera toujours protégé.<\/p>","page":""}},"0424e91c-41df-4c55-91c9-3b64705a6694":{"type":"collapsible_row","settings":{"heading":"ROBUSTE ET DURABLE","icon":"lightning_bolt","row_content":"<p>Les tapis de sol Luxus Tapis Auto ont été rigoureusement testés dans diverses conditions climatiques pour garantir une durabilité irréprochable.<\/p>","page":""}},"3f92c245-1978-4105-97e9-d766e49a41e1":{"type":"collapsible_row","settings":{"heading":"ECO-FRIENDLY","icon":"leaf","row_content":"<p>Aucun animal n'a été blessé lors de l'approvisionnement et de la fabrication de notre similicuir de qualité supérieure. Nous nous engageons à vous offrir une expérience de luxe sans culpabilité, en vous proposant les matériaux les plus fins sans compromettre notre engagement en faveur du bien-être des animaux et de la responsabilité environnementale.<\/p>","page":""}}},"block_order":["1658002008409f3c3f-0","1658002008409f3c3f-1","1658002008409f3c3f-2","1658002008409f3c3f-3","8220363a-92fc-415b-b4a1-d1df0a9fbff8","76e92b67-3bc8-457c-b128-3f4b41ccce75","0424e91c-41df-4c55-91c9-3b64705a6694","3f92c245-1978-4105-97e9-d766e49a41e1"],"settings":{"caption":"","heading":"LES POINTS FORTS LUXUS TAPIS AUTO","heading_size":"h1","heading_alignment":"center","layout":"row","color_scheme":"scheme-80ae97aa-ed29-4699-9d61-12d135707f29","container_color_scheme":"scheme-80ae97aa-ed29-4699-9d61-12d135707f29","open_first_collapsible_row":true,"image_ratio":"adapt","desktop_layout":"image_second","padding_top":36,"padding_bottom":36}},"ss_feature_1_i7QktM":{"type":"ss-feature-1","blocks":{"image_Cnhazg":{"type":"image","settings":{"feature_title":"Livraison gratuite internationale","feature_text":"Nous livrons partout dans le monde, gratuitement.","feature_url":"","hide_image":false}},"image_ydUdX7":{"type":"image","settings":{"feature_title":"Produits authentiques Luxus","feature_text":"En achetant sur notre site, vous êtes sûr d'obtenir des produits authentiques.","feature_url":"","hide_image":false}},"image_FhCACa":{"type":"image","settings":{"feature_title":"Satisfait ou remboursé","feature_text":"Si vous n'êtes pas entièrement satisfait de votre achat, nous nous engageons à vous rembourser.","feature_url":"","hide_image":false}},"image_DN4Kip":{"type":"image","settings":{"feature_title":"+700 Avis Trustpilot","feature_text":"Nous sommes fiers de démontrer notre engagement envers la satisfaction client et la qualité de nos produits.","feature_url":"","hide_image":false}}},"block_order":["image_Cnhazg","image_ydUdX7","image_FhCACa","image_DN4Kip"],"settings":{"feature_row":4,"feature_row_mobile":1,"feature_gap":20,"feature_gap_mobile":20,"feature_padding_vertical":0,"feature_padding_horizontal":0,"feature_radius":16,"feature_border_thickness":0,"feature_shadow":false,"feature_heading_custom":false,"feature_heading_font":"josefin_sans_n4","feature_heading_size":14,"feature_heading_size_mobile":12,"feature_heading_height":130,"feature_heading_mt":8,"feature_text_custom":false,"feature_text_font":"josefin_sans_n4","feature_text_size":12,"feature_text_size_mobile":12,"feature_text_height":130,"feature_text_mt":4,"feature_icon_size":42,"feature_icon_size_mobile":42,"feature_bg":"#ffffff","feature_border_color":"#000000","feature_shadow_color":"#000000","feature_heading_color":"#625f6b","feature_text_color":"#625f6b","feature_icon_color":"#ce9d3f","background_color":"#ffffff","background_gradient":"","border_color":"#000000","margin_top":0,"margin_bottom":0,"padding_top":32,"padding_bottom":0,"padding_horizontal":5,"padding_horizontal_mobile":1.5,"full_width":false,"content_width":120,"border_thickness":0,"lazy":true}},"custom_liquid_8UejAy":{"type":"custom-liquid","settings":{"custom_liquid":"<script defer async src='https:\/\/cdn.trustindex.io\/loader.js?b747ea933ebc209f2d86505e96c'><\/script>","color_scheme":"","padding_top":40,"padding_bottom":52}}},"order":["ss_video_banner_zfzdKf","custom_liquid_qe7UKb","29527775-6553-45d5-9e04-762285d9ba3d","ss_before_after_image_qYUkzp","ed0befdd-38c9-4a19-8b7d-ea479558f617","1877b45c-dc98-46ea-8985-b02f4827d226","9e493e2a-cd58-4723-be15-169731b24754","8a57b51d-2d07-4210-bb44-21c8226bf0c4","459ad5bd-96b7-4028-aeed-c8b6f2f5007d","b4cdae63-d2ba-41fd-a9c5-09e64d51af83","b47bdebb-c263-4ccd-900d-f357f97e8679","image_with_text_C4f8pb","6f0efefd-4648-44b3-b9dd-3ebfda37cefb","edf246c4-a4f2-4fe1-bccf-9ea5da471e4c","ss_scrolling_logo_cloud_cnUFXW","collection_list_6MAiVd","9e7e80f2-3414-47b7-ad2b-bd6e1bf38baa","ss_slider_2_AVmEiL","c33996e7-0815-494f-b398-58ccce51bf29","featured_collection","1658000911c46e4dfa","ss_comparison_table_2_BdBriE","165800200828fea701","ss_feature_1_i7QktM","custom_liquid_8UejAy"]}