{"sections":{"ss_feature_1_tKV9C6":{"type":"ss-feature-1","blocks":{"image_VkzCk9":{"type":"image","settings":{"feature_title":"Livraison gratuite","feature_text":"","feature_url":"","hide_image":false}},"image_NYcgHR":{"type":"image","settings":{"feature_title":"Produits authentiques","feature_text":"","feature_url":"","hide_image":false}},"image_iTAeLN":{"type":"image","settings":{"feature_title":"Similicuir eco-friendly","feature_text":"","feature_image":"shopify:\/\/shop_images\/cruelty_free_cf7dcaf1-49d6-4419-aea7-905e4257dde5.png","feature_url":"","hide_image":false}},"image_anrHeK":{"type":"image","settings":{"feature_title":"Utilisation toutes-saisons","feature_text":"","feature_image":"shopify:\/\/shop_images\/icon_all_weather_use_70fb98d3-ea00-4926-b453-673a32e430f7.png","feature_url":"","hide_image":false}},"image_7CEbUP":{"type":"image","settings":{"feature_title":"Garantie sans odeurs","feature_text":"","feature_image":"shopify:\/\/shop_images\/icon_odor_free_1_410b664f-415f-455b-99bd-420c3592ab8e.png","feature_url":"","hide_image":false}},"image_kj8dHB":{"type":"image","settings":{"feature_title":"+700 Avis Trustpilot","feature_text":"","feature_image":"shopify:\/\/shop_images\/icon_warranty_b5071531-0f8c-4920-899d-3704128814a9.png","feature_url":"","hide_image":false}}},"block_order":["image_VkzCk9","image_NYcgHR","image_iTAeLN","image_anrHeK","image_7CEbUP","image_kj8dHB"],"settings":{"feature_row":3,"feature_row_mobile":3,"feature_gap":20,"feature_gap_mobile":20,"feature_padding_vertical":0,"feature_padding_horizontal":0,"feature_radius":16,"feature_border_thickness":0,"feature_shadow":false,"feature_heading_custom":false,"feature_heading_font":"josefin_sans_n4","feature_heading_size":14,"feature_heading_size_mobile":12,"feature_heading_height":130,"feature_heading_mt":8,"feature_text_custom":false,"feature_text_font":"josefin_sans_n4","feature_text_size":12,"feature_text_size_mobile":12,"feature_text_height":130,"feature_text_mt":4,"feature_icon_size":42,"feature_icon_size_mobile":42,"feature_bg":"#ffffff","feature_border_color":"#808285","feature_shadow_color":"#000000","feature_heading_color":"#625f6b","feature_text_color":"#808285","feature_icon_color":"#ce9d3f","background_color":"#ffffff","background_gradient":"","border_color":"#000000","margin_top":0,"margin_bottom":0,"padding_top":16,"padding_bottom":16,"padding_horizontal":5,"padding_horizontal_mobile":1.5,"full_width":false,"content_width":120,"border_thickness":0,"lazy":true}},"rich_text_c7Q7Pb":{"type":"rich-text","blocks":{"heading_AfGDyD":{"type":"heading","settings":{"heading":"<strong>Nos 7 principaux atouts:<\/strong>","heading_size":"h2"}},"text_FCErNk":{"type":"text","settings":{"text":"<ul><li>100% sur-mesure pour votre véhicule exact<\/li><li>Fabriqués à la commande<\/li><li>Fait main par notre atelier de production<\/li><li>Similicuir premium<\/li><li>Minimum 95% de couverture de sol<\/li><li>100% imperméable<\/li><li>Nettoyage facile<\/li><\/ul>"}}},"block_order":["heading_AfGDyD","text_FCErNk"],"disabled":true,"settings":{"desktop_content_position":"left","content_alignment":"left","color_scheme":"scheme-80ae97aa-ed29-4699-9d61-12d135707f29","full_width":true,"padding_top":40,"padding_bottom":52}},"custom_liquid_U9Xmfj":{"type":"custom-liquid","settings":{"custom_liquid":"<script defer async src='https:\/\/cdn.trustindex.io\/loader.js?175e98c33bdd20889596f2eb8f8'><\/script>","color_scheme":"","padding_top":40,"padding_bottom":52}},"main":{"type":"main-list-collections","settings":{"title":"Collections","sort":"alphabetical_reversed","image_ratio":"square","columns_desktop":2,"columns_mobile":"1"}},"rich_text_zDB3yp":{"type":"rich-text","blocks":{"heading_QD7mje":{"type":"heading","settings":{"heading":"Talk about your brand","heading_size":"h1"}},"text_yLydCk":{"type":"text","settings":{"text":"<p>Share information about your brand with your customers. Describe a product, make announcements, or welcome customers to your store.<\/p>"}},"button_MKzMQ8":{"type":"button","settings":{"button_label":"Button label","button_link":"","button_style_secondary":false,"button_label_2":"","button_link_2":"","button_style_secondary_2":false}}},"block_order":["heading_QD7mje","text_yLydCk","button_MKzMQ8"],"disabled":true,"settings":{"desktop_content_position":"center","content_alignment":"center","color_scheme":"","full_width":true,"padding_top":40,"padding_bottom":52}},"rich_text_rT4bhL":{"type":"rich-text","blocks":{"heading_V7hqga":{"type":"heading","settings":{"heading":"Notre garantie \"Satisfait ou remboursé\"","heading_size":"h2"}},"text_pVCbdY":{"type":"text","settings":{"text":"<p>Nous voulons que vous soyez confiant lorsque vous commandez chez nous. <\/p><p>A ce titre, nous garantissons une compatibilité parfaite de nos tapis avec votre véhicule. <\/p><p>Cela signifie que lorsqu’une commande est passée pour la bonne année, la bonne marque et le bon modèle, vous ne prenez aucun risque. <\/p><p>Si vous rencontrez un problème de compatibilité, nous vous enverrons un remplacement gratuit ; si vous n'êtes toujours pas satisfait du remplacement gratuit, nous vous rembourserons intégralement votre commande sans retour de produit.<\/p>"}}},"block_order":["heading_V7hqga","text_pVCbdY"],"settings":{"desktop_content_position":"center","content_alignment":"left","color_scheme":"scheme-80ae97aa-ed29-4699-9d61-12d135707f29","full_width":true,"padding_top":40,"padding_bottom":52}},"collage_drCcA6":{"type":"collage","blocks":{"image_pAyfig":{"type":"image","settings":{"image":"shopify:\/\/shop_images\/LTAbadgepic_11zon_dafe4c3c-9769-4a8a-b2ba-ea1c62cfc993.jpg"}}},"block_order":["image_pAyfig"],"settings":{"heading":"","heading_size":"h1","desktop_layout":"left","mobile_layout":"column","card_styles":"product-card-wrapper","color_scheme":"","padding_top":36,"padding_bottom":36}}},"order":["ss_feature_1_tKV9C6","rich_text_c7Q7Pb","custom_liquid_U9Xmfj","main","rich_text_zDB3yp","rich_text_rT4bhL","collage_drCcA6"]}