{"sections":{"main":{"type":"main-page","settings":{"padding_top":28,"padding_bottom":28}},"collection_list_rrrTHx":{"type":"collection-list","blocks":{"featured_collection_TjHURG":{"type":"featured_collection","settings":{"collection":"tapis-de-sol-coutures-en-diamant"}},"featured_collection_p96kJR":{"type":"featured_collection","settings":{"collection":"tapis-de-sol-luxus-surpiqures-en-nid-dabeille"}},"featured_collection_Eag7RK":{"type":"featured_collection","settings":{"collection":"tapis-de-sol-coutures-en-bandes"}}},"block_order":["featured_collection_TjHURG","featured_collection_p96kJR","featured_collection_Eag7RK"],"settings":{"title":"Nos tapis de sol premium sur-mesure","heading_size":"h1","image_ratio":"square","columns_desktop":3,"color_scheme":"scheme-80ae97aa-ed29-4699-9d61-12d135707f29","show_view_all":false,"columns_mobile":"1","swipe_on_mobile":true,"padding_top":36,"padding_bottom":36}},"collection_list_w6H3LK":{"type":"collection-list","blocks":{"featured_collection_Rb4Fp7":{"type":"featured_collection","settings":{"collection":"tapis-de-coffre-sur-mesure-3d-integral"}},"featured_collection_GmJDYr":{"type":"featured_collection","settings":{"collection":"tapis-de-coffre-sur-mesure-basic"}},"featured_collection_mXyA8D":{"type":"featured_collection","settings":{"collection":"tapis-de-coffre-luxus-basic-surpiqures-en-nid-dabeille"}}},"block_order":["featured_collection_Rb4Fp7","featured_collection_GmJDYr","featured_collection_mXyA8D"],"settings":{"title":"Nos tapis de coffre premium sur-mesure","heading_size":"h1","image_ratio":"square","columns_desktop":3,"color_scheme":"scheme-80ae97aa-ed29-4699-9d61-12d135707f29","show_view_all":false,"columns_mobile":"1","swipe_on_mobile":true,"padding_top":36,"padding_bottom":36}}},"order":["main","collection_list_rrrTHx","collection_list_w6H3LK"]}