{"sections":{"main":{"type":"main-page","settings":{"padding_top":28,"padding_bottom":28}},"video_bx8TTB":{"type":"video","settings":{"heading":"VIDEO DE PRESENTATION","heading_size":"h2","enable_video_looping":true,"video":"shopify:\/\/files\/videos\/videoLTAmain.mp4","video_url":"https:\/\/www.youtube.com\/watch?v=_9VUPq3SxOc","description":"","full_width":true,"color_scheme":"","padding_top":36,"padding_bottom":36}},"ss_comparison_table_2_yxP8b7":{"type":"ss-comparison-table-2","blocks":{"item_hFHq3z":{"type":"item","settings":{"row_heading":"Badge d'authenticité Luxus","first_icon":"yes","second_icon":"no","third_icon":"yes"}},"item_FWtaFT":{"type":"item","settings":{"row_heading":"Similicuir premium, doux et épais","first_icon":"yes","second_icon":"no","third_icon":"yes"}},"item_jxGXfB":{"type":"item","settings":{"row_heading":"700 Avis Trustpilot","first_icon":"yes","second_icon":"no","third_icon":"no"}},"item_8tgRik":{"type":"item","settings":{"row_heading":"Mesures précises au mm près","first_icon":"yes","second_icon":"no","third_icon":"no"}},"item_mwEbn3":{"type":"item","settings":{"row_heading":"Durabilité maximale","first_icon":"yes","second_icon":"no","third_icon":"no"}},"item_7URRDL":{"type":"item","settings":{"row_heading":"Clips d'installation préinstallés et velcro fourni","first_icon":"yes","second_icon":"yes","third_icon":"no"}},"item_tBFtXN":{"type":"item","settings":{"row_heading":"Garantie 2 ans","first_icon":"yes","second_icon":"no","third_icon":"dont_know"}},"item_CizMEm":{"type":"item","settings":{"row_heading":"Repose pied premium","first_icon":"yes","second_icon":"no","third_icon":"yes"}},"item_NhNNrJ":{"type":"item","settings":{"row_heading":"Sans odeur","first_icon":"yes","second_icon":"no","third_icon":"yes"}}},"block_order":["item_hFHq3z","item_FWtaFT","item_jxGXfB","item_8tgRik","item_mwEbn3","item_7URRDL","item_tBFtXN","item_CizMEm","item_NhNNrJ"],"settings":{"heading":"","heading_custom":true,"heading_font":"assistant_n4","heading_size":24,"heading_height":100,"heading_align":"center","table_mt":50,"table_radius":10,"table_border_thickness":3,"table_column_active":"1","table_column_active_radius":10,"first_heading":"Luxus Tapis Auto","second_heading":"Autres","third_heading":"","table_heading_custom":true,"table_heading_font":"assistant_n4","table_heading_size":30,"table_heading_size_mobile":16,"table_heading_height":100,"table_heading_align":"center","table_heading_padding_horizontal":20,"table_heading_padding_horizontal_mobile":4,"table_heading_padding_vertical":20,"table_heading_padding_vertical_mobile":10,"table_row_padding_horizontal":20,"table_row_padding_horizontal_mobile":4,"table_row_padding_vertical":20,"table_row_padding_vertical_mobile":10,"table_row_heading_custom":true,"table_row_heading_font":"assistant_n4","table_row_heading_size":26,"table_row_heading_size_mobile":13,"table_row_heading_height":100,"table_row_heading_align":"center","table_icon_size":32,"table_icon_size_mobile":20,"heading_color":"#808285","table_border_color":"#d7d8d5","table_heading_color":"#808285","table_heading_active_color":"#ffffff","table_column_active_bg_color":"#ce9d3f","table_row_heading_color":"#808285","table_icon_color":"#ce9d3f","table_icon_active_color":"#ffffff","background_color":"#f6f4f2","background_gradient":"","border_color":"#000000","margin_top":0,"margin_bottom":0,"padding_top":36,"padding_bottom":36,"padding_horizontal":5,"padding_horizontal_mobile":1.5,"full_width":false,"content_width":150,"border_thickness":0}},"slideshow_7Mebaa":{"type":"slideshow","blocks":{"slide_mFkaGf":{"type":"slide","settings":{"image":"shopify:\/\/shop_images\/frmainbadge_11zon_579f12cc-9d0f-4585-8788-a4c10b7abc29.jpg","heading":"Badge d'authenticité","heading_size":"h1","subheading":"Chaque jeu de tapis de sol Luxus Tapis Auto est accompagné d'un badge d'authenticité, garantissant la qualité et l'originalité de nos produits. Ce badge symbolise notre engagement envers l'excellence et vous assure que vous avez choisi un produit haut de gamme, conçu avec soin pour votre véhicule.","button_label":"","link":"","button_style_secondary":false,"box_align":"middle-center","show_text_box":true,"text_alignment":"center","image_overlay_opacity":0,"color_scheme":"scheme-80ae97aa-ed29-4699-9d61-12d135707f29","text_alignment_mobile":"center"}},"slide_yg3VET":{"type":"slide","settings":{"image":"shopify:\/\/shop_images\/DSC_6205__5.jpg","heading":"Matériaux de qualité","heading_size":"h1","subheading":"Nous n'utilisons que des matériaux de haute qualité, garantissant à la fois durabilité et confort. Nos tapis de sol sont conçus pour résister aux usures quotidiennes tout en offrant un style élégant qui sublime l'intérieur de votre véhicule.","button_label":"","link":"","button_style_secondary":false,"box_align":"middle-center","show_text_box":true,"text_alignment":"center","image_overlay_opacity":0,"color_scheme":"scheme-80ae97aa-ed29-4699-9d61-12d135707f29","text_alignment_mobile":"center"}},"slide_rfrpPz":{"type":"slide","settings":{"image":"shopify:\/\/shop_images\/DSC_6225__4.jpg","heading":"Garantie de 2 ans","heading_size":"h1","subheading":"Tous nos tapis de sol  bénéficient d'une garantie de 2 ans, vous garantissant ainsi une tranquillité d'esprit et une confiance totale dans la qualité de nos produits. Si vous rencontrez des problèmes, notre service client est là pour vous accompagner et résoudre vos préoccupations rapidement et efficacement.","button_label":"","link":"","button_style_secondary":false,"box_align":"middle-center","show_text_box":true,"text_alignment":"center","image_overlay_opacity":0,"color_scheme":"scheme-80ae97aa-ed29-4699-9d61-12d135707f29","text_alignment_mobile":"center"}},"slide_XNgxzN":{"type":"slide","settings":{"image":"shopify:\/\/shop_images\/DSC_6241__3.jpg","heading":"Compatibilité supérieure","heading_size":"h1","subheading":"Les tapis de sol Luxus Tapis Auto offrent une compatibilité supérieure avec tout type de véhicule, garantissant un ajustement parfait pour votre modèle spécifique. Que ce soit pour une berline, un SUV ou un camion, nos tapis sont conçus pour s’adapter parfaitement tout en protégeant efficacement l’intérieur de votre voiture.","button_label":"","link":"","button_style_secondary":false,"box_align":"middle-center","show_text_box":true,"text_alignment":"center","image_overlay_opacity":0,"color_scheme":"scheme-80ae97aa-ed29-4699-9d61-12d135707f29","text_alignment_mobile":"center"}},"slide_WKq3CN":{"type":"slide","settings":{"image":"shopify:\/\/shop_images\/DSC_6246__1.jpg","heading":"Couverture totale","heading_size":"h1","subheading":"Nos tapis de sol Luxus Tapis Auto assurent une couverture totale du sol de votre véhicule, offrant ainsi une protection optimale contre la saleté, l'eau et l'usure. Avec un design sur mesure, ils garantissent que chaque recoin de l'intérieur est soigneusement protégé, vous permettant de profiter d'une ambiance propre et soignée dans votre voiture.","button_label":"","link":"","button_style_secondary":false,"box_align":"middle-center","show_text_box":true,"text_alignment":"center","image_overlay_opacity":0,"color_scheme":"scheme-80ae97aa-ed29-4699-9d61-12d135707f29","text_alignment_mobile":"center"}}},"block_order":["slide_mFkaGf","slide_yg3VET","slide_rfrpPz","slide_XNgxzN","slide_WKq3CN"],"settings":{"layout":"full_bleed","slide_height":"large","slider_visual":"numbers","auto_rotate":true,"change_slides_speed":5,"image_behavior":"ambient","show_text_below":true,"accessibility_info":"Slideshow about our brand"}},"collection_list_rrrTHx":{"type":"collection-list","blocks":{"featured_collection_TjHURG":{"type":"featured_collection","settings":{"collection":"tapis-de-sol-coutures-en-diamant"}},"featured_collection_p96kJR":{"type":"featured_collection","settings":{"collection":"tapis-de-sol-luxus-surpiqures-en-nid-dabeille"}},"featured_collection_Eag7RK":{"type":"featured_collection","settings":{"collection":"tapis-de-sol-coutures-en-bandes"}}},"block_order":["featured_collection_TjHURG","featured_collection_p96kJR","featured_collection_Eag7RK"],"settings":{"title":"Nos tapis de sol premium sur-mesure","heading_size":"h1","image_ratio":"square","columns_desktop":3,"color_scheme":"scheme-80ae97aa-ed29-4699-9d61-12d135707f29","show_view_all":true,"columns_mobile":"1","swipe_on_mobile":true,"padding_top":36,"padding_bottom":36}},"collection_list_w6H3LK":{"type":"collection-list","blocks":{"featured_collection_Rb4Fp7":{"type":"featured_collection","settings":{"collection":"tapis-de-coffre-sur-mesure-3d-integral"}},"featured_collection_GmJDYr":{"type":"featured_collection","settings":{"collection":"tapis-de-coffre-sur-mesure-basic"}},"featured_collection_mXyA8D":{"type":"featured_collection","settings":{"collection":"tapis-de-coffre-luxus-basic-surpiqures-en-nid-dabeille"}}},"block_order":["featured_collection_Rb4Fp7","featured_collection_GmJDYr","featured_collection_mXyA8D"],"settings":{"title":"Nos tapis de coffre premium sur-mesure","heading_size":"h1","image_ratio":"square","columns_desktop":3,"color_scheme":"scheme-80ae97aa-ed29-4699-9d61-12d135707f29","show_view_all":true,"columns_mobile":"1","swipe_on_mobile":true,"padding_top":36,"padding_bottom":36}}},"order":["main","video_bx8TTB","ss_comparison_table_2_yxP8b7","slideshow_7Mebaa","collection_list_rrrTHx","collection_list_w6H3LK"]}