{"sections":{"16709164393c099f56-1699359002057":{"type":"apps","blocks":{"11161dbd-4319-4295-8710-e7b7012a9712-1699359002057":{"type":"shopify:\/\/apps\/track123\/blocks\/search2\/60c49c11-a7c0-49a0-861e-2f84d2f294e6","settings":{"search_by":"by_order_number_or_by_tracking_number","date_format":"MMM D, YYYY","time_format":"hh:mm a","show_estimated_delivery_time":true,"show_carrier_info":true,"show_tracking_number":true,"show_package_info":true,"show_reorder_button":true,"custom_css":""}},"f6a7f8ab-26e8-4a4e-82b1-bac977963134-1699359002057":{"type":"shopify:\/\/apps\/track123\/blocks\/product-recommendations\/60c49c11-a7c0-49a0-861e-2f84d2f294e6","settings":{"product_recommendations_layout":"grid","product_recommendations_nums":10,"product_recommendations_source":"newest","collection_list":[],"custom_css":""}}},"block_order":["11161dbd-4319-4295-8710-e7b7012a9712-1699359002057","f6a7f8ab-26e8-4a4e-82b1-bac977963134-1699359002057"],"settings":{"include_margins":false}}},"order":["16709164393c099f56-1699359002057"]}