{"sections":{"main":{"type":"main-product","blocks":{"66f91c96-b37f-4460-a1b4-aa7ff190ed98":{"type":"custom_liquid","settings":{"custom_liquid":"<h5 class=\"uppercase custom-text customBrandNameText\">\n<span class=\"wrapText\">\n{{ settings.collectionPage }} <span class=\"test\">VEHICULE EXACT<\/span> \n<\/h5>"}},"vendor":{"type":"text","disabled":true,"settings":{"text":"{{ product.vendor }}","text_style":"uppercase"}},"title":{"type":"title","settings":{}},"caption":{"type":"text","settings":{"text":"{{ product.metafields.descriptors.subtitle.value }}","text_style":"subtitle"}},"price":{"type":"price","settings":{}},"quantity_selector":{"type":"quantity_selector","disabled":true,"settings":{}},"buy_buttons":{"type":"buy_buttons","settings":{"show_dynamic_checkout":false,"show_gift_card_recipient":true}},"description":{"type":"description","disabled":true,"settings":{}},"collapsible_tab_L8LhYg":{"type":"collapsible_tab","settings":{"heading":"Pourquoi choisir Luxus Tapis Auto","icon":"star","content":"<p>Merci de cliquer <a href=\"https:\/\/luxustapisauto.fr\/pages\/pourquoi-opter-pour-luxus-tapis-auto\" target=\"_blank\" title=\"https:\/\/luxustapisauto.fr\/pages\/pourquoi-opter-pour-luxus-tapis-auto\">ici<\/a> pour découvrir les raisons pourquoi nous choisir.<\/p>","page":""}},"collapsible-row-0":{"type":"collapsible_tab","settings":{"heading":"Matériaux","icon":"leather","content":"<p>Nos tapis de sol premium sont fabriqués exclusivement à partir de similicuir haut de gamme similaire au \"Sensatec\" de chez BMW.<\/p>","page":""}},"collapsible-row-1":{"type":"collapsible_tab","settings":{"heading":"Livraison","icon":"truck","content":"<p>Livraison gratuite partout dans le monde. Délai de livraison de 15 à 20 jours.<\/p>","page":""}},"collapsible-row-2":{"type":"collapsible_tab","settings":{"heading":"Dimensions","icon":"ruler","content":"<p>Fabriqué sur-mesure selon le véhicule choisi durant la commande.<\/p>","page":""}},"collapsible-row-3":{"type":"collapsible_tab","settings":{"heading":"Entretien","icon":"heart","content":"<p>Nous recommandons l'utilisation d'une microfibre humide pour le nettoyage de vos tapis de coffre Luxus Tapis Auto. Pour de meilleurs résultats, l'usage d'un produit d'entretien de cuir est recommandé après nettoyage.<\/p>","page":""}},"share":{"type":"share","disabled":true,"settings":{"share_label":"Partager"}},"e60db752-80e8-4ac8-a67c-2a545c1da5ce":{"type":"icon-with-text","settings":{"layout":"horizontal","icon_1":"ruler","heading_1":"100% Sur-mesure","icon_2":"snowflake","heading_2":"Toutes-saisons","icon_3":"paw_print","heading_3":"Pet-friendly"}},"icon_with_text_mCaxCa":{"type":"icon-with-text","settings":{"layout":"horizontal","icon_1":"truck","heading_1":"Livraison offerte","icon_2":"leather","heading_2":"Similicuir de qualité","icon_3":"washing","heading_3":"Résistant à l'eau"}}},"block_order":["66f91c96-b37f-4460-a1b4-aa7ff190ed98","vendor","title","caption","price","quantity_selector","buy_buttons","description","collapsible_tab_L8LhYg","collapsible-row-0","collapsible-row-1","collapsible-row-2","collapsible-row-3","share","e60db752-80e8-4ac8-a67c-2a545c1da5ce","icon_with_text_mCaxCa"],"settings":{"variaitonCustom":false,"rhd":false,"variationTitle":"Select Color Combination:","variationSubtitle":"Select Color:","custom_dropdowns":true,"enable_sticky_info":true,"media_size":"large","constrain_to_viewport":true,"media_fit":"contain","gallery_layout":"thumbnail","media_position":"left","image_zoom":"lightbox","mobile_thumbnails":"show","hide_variants":true,"enable_video_looping":false,"padding_top":36,"padding_bottom":12,"input_background":"rgba(0,0,0,0)","input_text_color":"","car_shape_body":"Berline (4\/5 portes) | Coupé (2\/3 portes) | Cabriolet | Break  | SUV |"}},"77eeaee8-f623-4b71-86dc-4c77dcdb1b42":{"type":"rich-text","blocks":{"template--15639747297417__77eeaee8-f623-4b71-86dc-4c77dcdb1b42-heading-1":{"type":"heading","settings":{"heading":"La combinaison ultime de protection et de luxe.","heading_size":"h1"}},"template--15639747297417__77eeaee8-f623-4b71-86dc-4c77dcdb1b42-text-1":{"type":"text","settings":{"text":"<p>Chez Luxus Tapis Auto, nous nous engageons à fournir une protection exceptionnelle pour chaque partie de votre véhicule. C'est pourquoi nous avons étendu nos tapis de luxe sur mesure au coffre et à l'espace de chargement. <\/p><p>Découvrez nos tapis de coffre méticuleusement fabriqués à la main avec un savoir-faire impeccable. Chaque point et chaque contour reflètent l'expertise et le souci du détail de nos artisans qualifiés. Rehaussez le coffre de votre véhicule avec nos tapis exquis, fabriqués selon les normes d'excellence les plus élevées.<\/p>"}}},"block_order":["template--15639747297417__77eeaee8-f623-4b71-86dc-4c77dcdb1b42-heading-1","template--15639747297417__77eeaee8-f623-4b71-86dc-4c77dcdb1b42-text-1"],"settings":{"desktop_content_position":"center","content_alignment":"left","color_scheme":"scheme-80ae97aa-ed29-4699-9d61-12d135707f29","full_width":true,"padding_top":40,"padding_bottom":52}},"aed41d97-4e53-4de3-bf85-7bd669a2648b":{"type":"image-banner","blocks":{"template--15639747297417__aed41d97-4e53-4de3-bf85-7bd669a2648b-heading-1":{"type":"heading","disabled":true,"settings":{"heading":"UNE PROTECTION SANS LIMITES. UN LOOK SANS EGAL.","heading_size":"h2"}},"template--15639747297417__aed41d97-4e53-4de3-bf85-7bd669a2648b-text-1":{"type":"text","settings":{"text":"UNE PROTECTION SANS LIMITES. UN LOOK SANS EGAL.","text_style":"body"}},"template--15639747297417__aed41d97-4e53-4de3-bf85-7bd669a2648b-buttons-1":{"type":"buttons","disabled":true,"settings":{"button_label_1":"Button label","button_link_1":"","button_style_secondary_1":false,"button_label_2":"Button label","button_link_2":"","button_style_secondary_2":false}}},"block_order":["template--15639747297417__aed41d97-4e53-4de3-bf85-7bd669a2648b-heading-1","template--15639747297417__aed41d97-4e53-4de3-bf85-7bd669a2648b-text-1","template--15639747297417__aed41d97-4e53-4de3-bf85-7bd669a2648b-buttons-1"],"settings":{"image":"shopify:\/\/shop_images\/ferrarired2.webp","image_2":"shopify:\/\/shop_images\/blackred2.webp","image_overlay_opacity":10,"image_height":"large","desktop_content_position":"middle-center","show_text_box":true,"desktop_content_alignment":"center","color_scheme":"scheme-80ae97aa-ed29-4699-9d61-12d135707f29","image_behavior":"ambient","mobile_content_alignment":"center","stack_images_on_mobile":true,"show_text_below":true}},"280f0aca-806e-4021-b9b8-e877432d510c":{"type":"multicolumn","blocks":{"template--15639747297417__280f0aca-806e-4021-b9b8-e877432d510c-column-1":{"type":"column","settings":{"title":"<strong>Idéal pour chiens.<\/strong>","text":"<p>Dites adieu à la lutte contre les poils de chiens! Le nettoyage se fait en un clin d'œil avec une simple serviette en microfibre mouillée.<\/p>","link_label":"","link":""}},"template--15639747297417__280f0aca-806e-4021-b9b8-e877432d510c-column-2":{"type":"column","settings":{"title":"<strong>100% sur mesure.<\/strong>","text":"<p>Fabriqué sur commande, vous êtes sur d'obtenir un tapis de coffre exclusivement conçu pour votre véhicule.<\/p>","link_label":"","link":""}},"template--15639747297417__280f0aca-806e-4021-b9b8-e877432d510c-column-3":{"type":"column","settings":{"title":"<strong>100% imperméable.<\/strong>","text":"<p>Notre similicuir est 100% imperméable aux liquides de tout genre, garantissant ainsi une parfaite protection pour votre coffre.<\/p>","link_label":"","link":""}}},"block_order":["template--15639747297417__280f0aca-806e-4021-b9b8-e877432d510c-column-1","template--15639747297417__280f0aca-806e-4021-b9b8-e877432d510c-column-2","template--15639747297417__280f0aca-806e-4021-b9b8-e877432d510c-column-3"],"settings":{"title":"Les 3 principaux atouts de nos tapis de coffre.","heading_size":"h1","image_width":"full","image_ratio":"adapt","columns_desktop":3,"column_alignment":"left","background_style":"primary","button_label":"","button_link":"","color_scheme":"inverse","columns_mobile":"1","swipe_on_mobile":false,"padding_top":36,"padding_bottom":36}},"bd0f3317-b531-4bb7-8b4f-8e95b9727712":{"type":"rich-text","blocks":{"e5a5ddef-3636-40ab-9c7e-af12e53efe53":{"type":"heading","settings":{"heading":"Fabriqués sur-mesure pour toutes les marques et tous les modèles.","heading_size":"h1"}},"5b0f92d8-2ec0-4a82-be5a-a2cbde493354":{"type":"text","settings":{"text":"<p>Chez Luxus Tapis Auto, nous <strong>comprenons l'unicité de chaque véhicule<\/strong>. C'est pourquoi nous sommes fiers de vous offrir une vaste sélection de tapis sur-mesure qui s'adaptent à presque toutes les marques et modèles de voitures. <\/p><p>Peu importe que vous conduisiez une Peugeot, une Citroën, une Tesla, une Nissan, une BMW, une Audi, une Mercedes, une Porsche, ou tout autre véhicule, nous avons les tapis qui conviendront parfaitement à votre voiture. <\/p><p>Nous attachons une grande importance à la qualité et à la précision de nos produits, et nous sommes convaincus que vous trouverez chez nous les tapis adaptés qui rehausseront l'apparence et la protection de votre véhicule. <\/p>"}}},"block_order":["e5a5ddef-3636-40ab-9c7e-af12e53efe53","5b0f92d8-2ec0-4a82-be5a-a2cbde493354"],"settings":{"desktop_content_position":"center","content_alignment":"left","color_scheme":"scheme-80ae97aa-ed29-4699-9d61-12d135707f29","full_width":true,"padding_top":40,"padding_bottom":52}},"246dac44-043d-4157-b44a-5bf4aaa94d66":{"type":"image-with-text","blocks":{"template--15639747297417__246dac44-043d-4157-b44a-5bf4aaa94d66-heading-1":{"type":"heading","settings":{"heading":"Protégez et embellissez votre coffre avec nos tapis de coffre Luxus.","heading_size":"h1"}},"template--15639747297417__246dac44-043d-4157-b44a-5bf4aaa94d66-text-1":{"type":"text","disabled":true,"settings":{"text":"<p>Pair text with an image to focus on your chosen product, collection, or blog post. Add details on availability, style, or even provide a review.<\/p>","text_style":"body"}},"template--15639747297417__246dac44-043d-4157-b44a-5bf4aaa94d66-button-1":{"type":"button","disabled":true,"settings":{"button_label":"Button label","button_link":"","button_style_secondary":false}}},"block_order":["template--15639747297417__246dac44-043d-4157-b44a-5bf4aaa94d66-heading-1","template--15639747297417__246dac44-043d-4157-b44a-5bf4aaa94d66-text-1","template--15639747297417__246dac44-043d-4157-b44a-5bf4aaa94d66-button-1"],"settings":{"image":"shopify:\/\/shop_images\/ezgif.com-webp-to-jpg.jpg","height":"adapt","desktop_image_width":"medium","layout":"text_first","desktop_content_position":"middle","desktop_content_alignment":"left","content_layout":"no-overlap","color_scheme":"accent-2","image_behavior":"none","mobile_content_alignment":"left","padding_top":36,"padding_bottom":36}},"739c5887-dc8e-47e1-a687-2c4922a7713f":{"type":"rich-text","blocks":{"a1714e08-73f0-4bb8-b90f-40733d38240d":{"type":"heading","settings":{"heading":"Transformez votre intérieur avec Luxus Tapis Auto.","heading_size":"h1"}},"a4ac5bd5-afcc-456e-8915-503fdac75a1b":{"type":"text","settings":{"text":"<p>Si vous êtes à la recherche d'une solution pour apporter une touche de style supplémentaire à votre voiture, nos tapis sur-mesure en 3D sont exactement ce qu'il vous faut. <\/p><p>Leur <strong>design unique<\/strong> et leur <strong>finition haut de gamme<\/strong> sont spécialement conçus pour rehausser l'esthétique de votre habitacle. <\/p><p>Grâce à leur<strong> fabrication sur-mesure<\/strong>, ces tapis de coffre s'adaptent <strong>parfaitement aux contours de votre véhicule<\/strong>, offrant ainsi une coupe précise et un ajustement optimal. <\/p><p>Ajoutez une dose de sophistication à votre voiture avec nos tapis de coffre, et profitez d'un intérieur à la fois élégant et personnalisé.<\/p>"}}},"block_order":["a1714e08-73f0-4bb8-b90f-40733d38240d","a4ac5bd5-afcc-456e-8915-503fdac75a1b"],"settings":{"desktop_content_position":"center","content_alignment":"left","color_scheme":"scheme-80ae97aa-ed29-4699-9d61-12d135707f29","full_width":true,"padding_top":40,"padding_bottom":52}},"028662a2-c83a-4b4d-a2dc-84bb8d836401":{"type":"image-with-text","blocks":{"57d40a80-3dc5-4dc9-b81d-73b67296174b":{"type":"heading","settings":{"heading":"Gardez votre coffre à l'abri total de déversements accidentels de liquides.","heading_size":"h1"}},"0aa764af-b2c8-4ec6-8ce6-4273064938a7":{"type":"text","settings":{"text":"","text_style":"body"}},"4a33237c-bbc3-4756-821f-e7accba69edb":{"type":"button","disabled":true,"settings":{"button_label":"Button label","button_link":"","button_style_secondary":false}}},"block_order":["57d40a80-3dc5-4dc9-b81d-73b67296174b","0aa764af-b2c8-4ec6-8ce6-4273064938a7","4a33237c-bbc3-4756-821f-e7accba69edb"],"settings":{"image":"shopify:\/\/shop_images\/ezgif.com-optimize.gif","height":"medium","desktop_image_width":"medium","layout":"image_first","desktop_content_position":"middle","desktop_content_alignment":"left","content_layout":"no-overlap","color_scheme":"accent-2","image_behavior":"none","mobile_content_alignment":"left","padding_top":36,"padding_bottom":36}},"8d69a12f-5c19-4a17-a40c-89445147193b":{"type":"rich-text","blocks":{"4ebad75c-f74f-4786-8bac-3b85774482e4":{"type":"heading","settings":{"heading":"Un niveau d'utilité déconcertant.","heading_size":"h1"}},"220ea1e2-d56b-467a-8bc1-4b89761bb518":{"type":"text","settings":{"text":"<p>Vous détestez gaspiller de l'énergie pour les tâches ménagères ? Nos tapis de coffre de base pèsent moins de 1,14 kg, ce qui permet de les retirer sans effort. De plus, notre sous-couche <strong>antidérapante en nid d'abeille <\/strong>avec mélange de velcro garantit que votre tapis de coffre reste <strong>bien en place<\/strong>, <strong>éliminant tout mouvement<\/strong>. Le dessus du tapis de coffre présente également des propriétés <strong>antidérapantes<\/strong>, ce qui permet de maintenir les objets lourds bien en place. Dites adieu aux tracas et profitez d'une commodité ultime.<\/p>"}}},"block_order":["4ebad75c-f74f-4786-8bac-3b85774482e4","220ea1e2-d56b-467a-8bc1-4b89761bb518"],"settings":{"desktop_content_position":"center","content_alignment":"left","color_scheme":"scheme-80ae97aa-ed29-4699-9d61-12d135707f29","full_width":true,"padding_top":40,"padding_bottom":52}},"dc4fefe6-f468-44aa-a26a-860220333660":{"type":"image-with-text","blocks":{"cbc61b03-aa87-4cfe-b50e-6d283271e5b5":{"type":"heading","settings":{"heading":"Coffre scanné au laser pour une coupe parfaite.","heading_size":"h1"}},"e8fb4828-4a45-4672-9532-f0ab425f641e":{"type":"text","settings":{"text":"","text_style":"body"}},"88277672-9dea-44d1-a9dc-ab5345b369a5":{"type":"button","disabled":true,"settings":{"button_label":"Button label","button_link":"","button_style_secondary":false}}},"block_order":["cbc61b03-aa87-4cfe-b50e-6d283271e5b5","e8fb4828-4a45-4672-9532-f0ab425f641e","88277672-9dea-44d1-a9dc-ab5345b369a5"],"settings":{"image":"shopify:\/\/shop_images\/creambeige2.webp","height":"medium","desktop_image_width":"medium","layout":"text_first","desktop_content_position":"middle","desktop_content_alignment":"left","content_layout":"no-overlap","color_scheme":"accent-2","image_behavior":"none","mobile_content_alignment":"left","padding_top":36,"padding_bottom":36}},"f0d75023-e4cb-46b0-91aa-607d01d40cc0":{"type":"rich-text","blocks":{"3f3edb69-906c-491e-a180-07e93719fa1a":{"type":"heading","settings":{"heading":"Le nettoyage devient un jeu d'enfant.","heading_size":"h1"}},"1c834d8e-9b60-467e-9894-b2289c2d2ff4":{"type":"text","settings":{"text":"<p>Nos tapis auto sur-mesure ont été spécialement conçus pour répondre à vos besoins en matière de durabilité et d'entretien facile. Ils sont <strong>résistants à l'humidité, à la chaleur et à la poussière<\/strong>, ce qui permet de préserver les planchers de votre véhicule. <\/p><p>De plus, ils sont <strong>très simples à nettoyer<\/strong>, il vous <strong>suffit de passer un coup de microfibre humide <\/strong>pour leur redonner leur aspect d'origine. Nos tapis de coffre sur-mesure offrent également une protection contre la saleté, les salissures et les liquides renversés, en particulier pour les parties les plus délicates.<\/p>"}}},"block_order":["3f3edb69-906c-491e-a180-07e93719fa1a","1c834d8e-9b60-467e-9894-b2289c2d2ff4"],"settings":{"desktop_content_position":"center","content_alignment":"left","color_scheme":"scheme-80ae97aa-ed29-4699-9d61-12d135707f29","full_width":true,"padding_top":40,"padding_bottom":52}},"786a5651-7470-49aa-aefb-7db958f3fd5a":{"type":"image-with-text","blocks":{"24750f12-e349-46ce-afdd-0326818cbe2c":{"type":"heading","settings":{"heading":"5 couches pour 5x plus de robustesse.","heading_size":"h1"}},"05b77ebd-1dac-466d-9132-d9316a654b0d":{"type":"text","disabled":true,"settings":{"text":"<p>Pair text with an image to focus on your chosen product, collection, or blog post. Add details on availability, style, or even provide a review.<\/p>","text_style":"body"}},"0ab81b75-d355-4cb2-9ed3-c16e7e96bd69":{"type":"button","disabled":true,"settings":{"button_label":"Button label","button_link":"","button_style_secondary":false}}},"block_order":["24750f12-e349-46ce-afdd-0326818cbe2c","05b77ebd-1dac-466d-9132-d9316a654b0d","0ab81b75-d355-4cb2-9ed3-c16e7e96bd69"],"settings":{"image":"shopify:\/\/shop_images\/5x-robuster.webp","height":"medium","desktop_image_width":"medium","layout":"image_first","desktop_content_position":"middle","desktop_content_alignment":"left","content_layout":"no-overlap","color_scheme":"accent-2","image_behavior":"none","mobile_content_alignment":"left","padding_top":36,"padding_bottom":36}},"005bf2d4-8a1d-4e9d-ab90-e907c28d7475":{"type":"rich-text","blocks":{"ed39a17e-5a84-4d12-9dfe-71554a461a9b":{"type":"heading","settings":{"heading":"Qualité premium au meilleur prix.","heading_size":"h1"}},"83ce4729-bd11-4d2e-a8a9-60a02af2659c":{"type":"text","settings":{"text":"<p>Chez Luxus Tapis Auto, nous avons à cœur de vous offrir une <strong>qualité premium à un prix compétitif<\/strong>. Nous ne croyons pas que vous deviez compromettre la qualité pour une question de budget. Nos tapis de coffre sur-mesure sont conçus avec soin pour ajouter une touche d'élégance à l'intérieur de votre véhicule.<\/p><p>En plus de leur esthétique, nos tapis sur-mesure offrent de nombreux avantages pratiques. Ils<strong> protègent efficacement<\/strong> votre habitacle des éléments extérieurs tels que <strong>la saleté, la boue, la neige et l'eau<\/strong>, préservant ainsi la propreté de votre véhicule. De plus, le similicuir <strong>facilite grandement<\/strong> le processus de nettoyage. <\/p><p>Fini les tracas, un <strong>simple coup d'éponge suffit <\/strong>pour les remettre à neuf. Vous pouvez ainsi maintenir les planchers de votre voiture en excellent état <strong>plus facilement et plus rapidement<\/strong>.<\/p><p><\/p>"}}},"block_order":["ed39a17e-5a84-4d12-9dfe-71554a461a9b","83ce4729-bd11-4d2e-a8a9-60a02af2659c"],"settings":{"desktop_content_position":"center","content_alignment":"left","color_scheme":"scheme-80ae97aa-ed29-4699-9d61-12d135707f29","full_width":true,"padding_top":40,"padding_bottom":52}},"66e71bb9-ad32-45f9-80a3-ccd4425a3743":{"type":"image-with-text","blocks":{"a80c2827-28a6-4d77-939a-c659540b6fba":{"type":"heading","settings":{"heading":"Conçu pour résister aux rayures, taches et liquides de toutes sortes.","heading_size":"h1"}},"5b601b92-22a7-46b3-a4a4-d863d47ce576":{"type":"text","disabled":true,"settings":{"text":"<p>Pair text with an image to focus on your chosen product, collection, or blog post. Add details on availability, style, or even provide a review.<\/p>","text_style":"body"}},"10934b77-14ae-46a7-8221-2c5ffa2ab184":{"type":"button","disabled":true,"settings":{"button_label":"Button label","button_link":"","button_style_secondary":false}}},"block_order":["a80c2827-28a6-4d77-939a-c659540b6fba","5b601b92-22a7-46b3-a4a4-d863d47ce576","10934b77-14ae-46a7-8221-2c5ffa2ab184"],"settings":{"image":"shopify:\/\/shop_images\/waterproof_scratchproof.webp","height":"medium","desktop_image_width":"medium","layout":"text_first","desktop_content_position":"middle","desktop_content_alignment":"left","content_layout":"no-overlap","color_scheme":"accent-2","image_behavior":"none","mobile_content_alignment":"left","padding_top":36,"padding_bottom":36}},"ffce4fd5-b988-4901-850e-586d1beee533":{"type":"rich-text","blocks":{"a2628c4f-ba74-4e95-ad43-2f16c931484e":{"type":"heading","settings":{"heading":"Un investissement durable.","heading_size":"h1"}},"ccccebcc-8dd8-45c5-a898-bd8127178d37":{"type":"text","settings":{"text":"<p>Nos tapis de coffre sont fabriqués avec des matériaux de <strong>qualité supérieure<\/strong>, ce qui leur confère <strong>une résistance accrue<\/strong> et une <strong>durée de vie prolongée<\/strong> par rapport aux tapis de coffre en caoutchouc  ou tissu standard. Cette durabilité supérieure vous permet d'économiser de l'argent à long terme en évitant de devoir les remplacer fréquemment.<\/p><p>Que vous ayez une voiture de marque ou un modèle spécifique, nos tapis de coffre sur-mesure sont disponibles pour la plupart des véhicules. Ils sont conçus pour être <strong>faciles à installer et à nettoyer<\/strong>, ce qui simplifie leur utilisation au quotidien. L'investissement dans des tapis de coffre sur-mesure pour votre voiture est un choix judicieux pour maintenir l'habitacle en bon état et ajouter une touche d'élégance.<\/p>"}}},"block_order":["a2628c4f-ba74-4e95-ad43-2f16c931484e","ccccebcc-8dd8-45c5-a898-bd8127178d37"],"settings":{"desktop_content_position":"center","content_alignment":"left","color_scheme":"scheme-80ae97aa-ed29-4699-9d61-12d135707f29","full_width":true,"padding_top":40,"padding_bottom":52}},"b4cb930c-b44f-4cc4-a3ad-8297696174f4":{"type":"image-with-text","blocks":{"1b89fe14-cbde-4ada-b29c-eb9ee983e396":{"type":"heading","settings":{"heading":"Épouse parfaitement les contours du coffre de votre véhicule.","heading_size":"h1"}},"04590489-cee5-4d3d-b061-dfea5fbdfdd8":{"type":"text","disabled":true,"settings":{"text":"<p>Pair text with an image to focus on your chosen product, collection, or blog post. Add details on availability, style, or even provide a review.<\/p>","text_style":"body"}},"7221b779-7cae-4deb-8750-2f46c9be5396":{"type":"button","disabled":true,"settings":{"button_label":"Button label","button_link":"","button_style_secondary":false}}},"block_order":["1b89fe14-cbde-4ada-b29c-eb9ee983e396","04590489-cee5-4d3d-b061-dfea5fbdfdd8","7221b779-7cae-4deb-8750-2f46c9be5396"],"settings":{"image":"shopify:\/\/shop_images\/InstaSave_21_915a1504-28a4-4b29-bd61-7d708801ff37.webp","height":"medium","desktop_image_width":"medium","layout":"image_first","desktop_content_position":"middle","desktop_content_alignment":"left","content_layout":"no-overlap","color_scheme":"accent-2","image_behavior":"none","mobile_content_alignment":"left","padding_top":36,"padding_bottom":36}},"62c346e7-e2c0-4275-90b6-246a461e00a8":{"type":"rich-text","blocks":{"16ee5fe9-26c0-432a-bd23-c174121c290d":{"type":"heading","settings":{"heading":"Des tapis auto haut de gamme pour une durabilité renforcée.","heading_size":"h1"}},"841e53c9-e273-4c9e-91a5-029acbcd5f1c":{"type":"text","settings":{"text":"<p>Nos tapis de coffre sont <strong>plus résistants et durent plus longtemps<\/strong> que les tapis de coffre en caoutchouc ou tissus standard, ce qui vous permet d'économiser à long terme. Chez Luxus Tapis Auto, nous comprenons l'importance de préserver et personnaliser l'intérieur de votre véhicule. <\/p>"}}},"block_order":["16ee5fe9-26c0-432a-bd23-c174121c290d","841e53c9-e273-4c9e-91a5-029acbcd5f1c"],"settings":{"desktop_content_position":"center","content_alignment":"left","color_scheme":"scheme-80ae97aa-ed29-4699-9d61-12d135707f29","full_width":true,"padding_top":40,"padding_bottom":52}},"26ef84e9-7e4b-40bb-9d9e-5fad0ec62c60":{"type":"image-with-text","blocks":{"9c0c5d53-13a4-4675-ae7a-afd3eef3a8ec":{"type":"heading","settings":{"heading":"Couverture imbattable jusqu'à 95% du plancher de votre véhicule.","heading_size":"h1"}},"879249a2-e782-4096-92ce-284ed229e575":{"type":"text","disabled":true,"settings":{"text":"<p>Pair text with an image to focus on your chosen product, collection, or blog post. Add details on availability, style, or even provide a review.<\/p>","text_style":"body"}},"34634462-b718-472a-a892-a84b741a6448":{"type":"button","disabled":true,"settings":{"button_label":"Button label","button_link":"","button_style_secondary":false}}},"block_order":["9c0c5d53-13a4-4675-ae7a-afd3eef3a8ec","879249a2-e782-4096-92ce-284ed229e575","34634462-b718-472a-a892-a84b741a6448"],"settings":{"image":"shopify:\/\/shop_images\/blackwhite2.webp","height":"medium","desktop_image_width":"medium","layout":"text_first","desktop_content_position":"middle","desktop_content_alignment":"left","content_layout":"no-overlap","color_scheme":"accent-2","image_behavior":"none","mobile_content_alignment":"left","padding_top":36,"padding_bottom":36}},"067ca820-2a1e-4d33-8dbe-a2e8929fc696":{"type":"rich-text","blocks":{"template--15639747297417__067ca820-2a1e-4d33-8dbe-a2e8929fc696-heading-1":{"type":"heading","settings":{"heading":"Que contient le pack?","heading_size":"h1"}},"template--15639747297417__067ca820-2a1e-4d33-8dbe-a2e8929fc696-text-1":{"type":"text","settings":{"text":"<p>Vous recevrez un<strong> set complet entièrement personnalisé pour votre vehicule<\/strong>, comprenant :<\/p><ul><li>1 Tapis adapté au plancher du conducteur<\/li><li>1 Tapis adapté au plancher du copilote<\/li><li>1 Tapis adapté au plancher des places arrière<\/li><li>Velcro et clips de fixation<\/li><\/ul>"}},"template--15639747297417__067ca820-2a1e-4d33-8dbe-a2e8929fc696-button-1":{"type":"button","disabled":true,"settings":{"button_label":"Button label","button_link":"","button_style_secondary":false,"button_label_2":"","button_link_2":"","button_style_secondary_2":false}}},"block_order":["template--15639747297417__067ca820-2a1e-4d33-8dbe-a2e8929fc696-heading-1","template--15639747297417__067ca820-2a1e-4d33-8dbe-a2e8929fc696-text-1","template--15639747297417__067ca820-2a1e-4d33-8dbe-a2e8929fc696-button-1"],"disabled":true,"settings":{"desktop_content_position":"center","content_alignment":"left","color_scheme":"scheme-80ae97aa-ed29-4699-9d61-12d135707f29","full_width":true,"padding_top":40,"padding_bottom":52}},"image-with-text":{"type":"image-with-text","blocks":{"image-with-text-0":{"type":"heading","settings":{"heading":"Livraison gratuite en Europe, DROM-COM et Canada sous 15 à 20 jours","heading_size":"h1"}},"image-with-text-1":{"type":"text","settings":{"text":"<p>Garantie retour 30 jours \"Satisfait ou remboursé\"<\/p>","text_style":"body"}}},"block_order":["image-with-text-0","image-with-text-1"],"settings":{"image":"shopify:\/\/shop_images\/AFDAA02F-C2FD-4124-8D50-25ADA9CAC98D.webp","height":"small","desktop_image_width":"medium","layout":"text_first","desktop_content_position":"top","desktop_content_alignment":"left","content_layout":"no-overlap","color_scheme":"inverse","image_behavior":"none","mobile_content_alignment":"left","padding_top":36,"padding_bottom":36}},"custom_liquid_mUbMFP":{"type":"custom-liquid","settings":{"custom_liquid":"<script defer async src='https:\/\/cdn.trustindex.io\/loader.js?334831d338a721185d26b518168'><\/script>","color_scheme":"","padding_top":40,"padding_bottom":52}},"multicolumn":{"type":"multicolumn","blocks":{"column-0":{"type":"column","settings":{"title":"Free Shipping","text":"<p>Pair text with an image to focus on your chosen product, collection, or blog post. Add details on availability, style, or even provide a review.<\/p>","link_label":"","link":""}},"column-1":{"type":"column","settings":{"title":"Hassle-Free Exchanges","text":"<p>Pair text with an image to focus on your chosen product, collection, or blog post. Add details on availability, style, or even provide a review.<\/p>","link_label":"","link":""}}},"block_order":["column-0","column-1"],"disabled":true,"settings":{"title":"","heading_size":"h1","image_width":"full","image_ratio":"adapt","columns_desktop":3,"column_alignment":"left","background_style":"none","button_label":"","button_link":"","color_scheme":"scheme-80ae97aa-ed29-4699-9d61-12d135707f29","columns_mobile":"1","swipe_on_mobile":false,"padding_top":36,"padding_bottom":36}},"743b5bec-15bb-4667-b1ee-da318d77bcc6":{"type":"slideshow","blocks":{"template--15639747297417__743b5bec-15bb-4667-b1ee-da318d77bcc6-slide-1":{"type":"slide","settings":{"heading":"Image slide","heading_size":"h1","subheading":"Tell your brand's story through images","button_label":"Button label","link":"","button_style_secondary":false,"box_align":"middle-center","show_text_box":true,"text_alignment":"center","image_overlay_opacity":0,"color_scheme":"","text_alignment_mobile":"center"}},"template--15639747297417__743b5bec-15bb-4667-b1ee-da318d77bcc6-slide-2":{"type":"slide","settings":{"heading":"Image slide","heading_size":"h1","subheading":"Tell your brand's story through images","button_label":"Button label","link":"","button_style_secondary":false,"box_align":"middle-center","show_text_box":true,"text_alignment":"center","image_overlay_opacity":0,"color_scheme":"","text_alignment_mobile":"center"}}},"block_order":["template--15639747297417__743b5bec-15bb-4667-b1ee-da318d77bcc6-slide-1","template--15639747297417__743b5bec-15bb-4667-b1ee-da318d77bcc6-slide-2"],"disabled":true,"settings":{"layout":"full_bleed","slide_height":"medium","slider_visual":"counter","auto_rotate":false,"change_slides_speed":5,"image_behavior":"none","show_text_below":true,"accessibility_info":"Slideshow about our brand"}},"5fb12f36-450f-4130-8c0a-cd5621af0377":{"type":"collapsible-content","blocks":{"template--15639747297417__5fb12f36-450f-4130-8c0a-cd5621af0377-collapsible_row-1":{"type":"collapsible_row","settings":{"heading":"Qu'est-ce que Luxus Tapis Auto propose exactement ?","icon":"question_mark","row_content":"<p>Luxus Tapis Auto est le premier fabricant de tapis de sol pour voitures de luxe fabriqués sur mesure. Nous avons bâti notre réputation sur la confiance et la qualité. <\/p>","page":""}},"template--15639747297417__5fb12f36-450f-4130-8c0a-cd5621af0377-collapsible_row-2":{"type":"collapsible_row","settings":{"heading":"Pour quelles marques de voiture proposez-vous des tapis de sol sur-mesure ?","icon":"question_mark","row_content":"<p>Nous proposons une large gamme de tapis de sol sur-mesure pour presque toutes les marques et modèles de voitures, notamment Peugeot, Citroën, Tesla, Nissan, BMW, Mercedes, Porsche, et bien d'autres encore.<\/p>","page":""}},"template--15639747297417__5fb12f36-450f-4130-8c0a-cd5621af0377-collapsible_row-3":{"type":"collapsible_row","settings":{"heading":"Seront-ils adaptés à mon véhicule ?","icon":"question_mark","row_content":"<p>Si votre véhicule figure dans notre liste de véhicules disponibles sur la page d'accueil, cela signifie que nous pouvons fabriquer des tapis sur mesure, sur commande, pour votre véhicule.<\/p>","page":""}},"template--15639747297417__5fb12f36-450f-4130-8c0a-cd5621af0377-collapsible_row-4":{"type":"collapsible_row","settings":{"heading":"Que se passe-t-il si les tapis ne s'adaptent pas à mon véhicule?","icon":"question_mark","row_content":"<p>Cela arrive rarement, mais si les tapis que vous recevez ne vous conviennent pas, conformément à notre politique de retour et de remboursement, vous recevrez un tapis de remplacement gratuit corrigeant le problème d'ajustement sans avoir à renvoyer les tapis d'origine. Si les tapis de remplacement ne conviennent toujours pas, vous recevrez un remboursement complet sans poser de questions.<\/p>","page":""}},"30279620-4f6d-470a-aaf9-cb72d582835e":{"type":"collapsible_row","settings":{"heading":"Mon véhicule n'est pas dans la liste, pouvez-vous quand même le faire ?","icon":"question_mark","row_content":"<p>Si votre véhicule ne figure pas dans la liste, veuillez nous contacter à l'adresse contact@luxustapisauto.fr pour obtenir une réponse définitive. Certains modèles sont disponibles sur demande spéciale.<\/p>","page":""}},"4268c94b-1a25-4fe6-a498-74f759b1e9ad":{"type":"collapsible_row","settings":{"heading":"Les tapis de voiture Luxus conviennent-ils à une utilisation par tous les temps ?","icon":"question_mark","row_content":"<p>Notre similicuir breveté, spécialement formulé, a été testé et approuvé pour résister aux conditions climatiques les plus difficiles, qu'il s'agisse de neige, de pluie, de sel ou de la chaleur de l'été.<\/p>","page":""}},"214baed8-b14f-42f3-9fa4-9fa9d4f5f3f4":{"type":"collapsible_row","settings":{"heading":"Sont-ils compatibles avec les transmissions manuelles ?","icon":"question_mark","row_content":"<p>Oui. Les tapis de sol Luxus sont entièrement compatibles avec les véhicules à transmission manuelle et n'interfèrent pas avec la pédale d'embrayage.<\/p>","page":""}},"44784ee4-25a6-4a36-b0b1-a25c7b1eb477":{"type":"collapsible_row","settings":{"heading":"Comment garantissez-vous l'adaptation parfaite à mon véhicule ?","icon":"question_mark","row_content":"<p>Chaque véhicule pour lequel nous fabriquons des tapis a été minutieusement scanné à l'aide d'un équipement de balayage laser haut de gamme et coûteux auquel seules quelques entreprises respectables ont accès ; pour garantir une qualité d'adaptation et une précision inégalées, nous avons passé plus d'une heure à capturer chaque détail du plancher et du coffre de chaque véhicule, alors que d'autres n'ont passé qu'un quart de ce temps pour réduire les délais et les coûts.<\/p>","page":""}},"b8973945-81cc-4988-8fff-654a66fe4615":{"type":"collapsible_row","settings":{"heading":"Comment puis-je commander mes tapis de sol Luxus?","icon":"question_mark","row_content":"<p>1. Sélectionnez les détails de votre véhicule sur la page d'accueil. <\/p><p>2. Sélectionnez la couleur de votre choix. <\/p><p>3. Cliquez sur le bouton \"Ajouter au panier\". <\/p><p>4. Passez à la caisse et entrez vos coordonnées de facturation et de livraison. Vous recevez un e-mail de confirmation de commande et un SMS et votre commande est envoyée à la production dans un délai d'un jour ouvrable.<\/p>","page":""}},"e0f3df38-bd86-45fd-b39c-adee63e5724d":{"type":"collapsible_row","settings":{"heading":"Comment puis-je payer ?","icon":"question_mark","row_content":"<p>Vous pouvez payer par carte de crédit\/débit our PayPal. Notre site est sécurisé par SSL, avec des contrôles et des procédures de vérification déjà effectués par MasterCard, Maestro et Visa. Tous les paiements effectués sont cryptés et sécurisés afin de protéger vos données personnelles. Tous les paiements par carte sont traités par Stripe Payments, qui est l'un des services de traitement des paiements en ligne les mieux notés à l'heure actuelle.<\/p>","page":""}},"9faf75c6-6ebc-446f-a4b0-c09afe01fe5e":{"type":"collapsible_row","settings":{"heading":"Comment installer les tapis de sol Luxus?","icon":"question_mark","row_content":"<p>L'installation est intuitive et sans problème, aucun outil ou compétence particulière n'est nécessaire. Une vidéo d'installation est disponible en défilant sous cette page.<\/p>","page":""}},"b35697b6-30c7-45bb-8278-c0c8c6426de7":{"type":"collapsible_row","settings":{"heading":"Existe-t-il une garantie ?","icon":"question_mark","row_content":"<p>Yes, all our products come with a 2 year risk-free warranty as standard and optional 3 year and lifetime warranty extensions.<\/p>","page":""}},"08f4ba88-21b6-49b0-af6a-4e74d82f7a38":{"type":"collapsible_row","settings":{"heading":"Comment sont-ils pratiques et faciles à nettoyer ?","icon":"question_mark","row_content":"<p>Nos tapis de sol sur-mesure sont conçus pour résister à l'humidité, à la chaleur et à la poussière, protégeant efficacement la moquette de votre voiture. De plus, ils sont extrêmement faciles à nettoyer, simplement en utilisant une éponge, vous pourrez leur redonner leur apparence d'origine en un rien de temps.<\/p>","page":""}},"be3d4bef-10f8-4886-b8c3-23583bd59258":{"type":"collapsible_row","settings":{"heading":"Quels sont les avantages des tapis de sol en 3D par rapport aux tapis de sol standard ?","icon":"question_mark","row_content":"<p>Les tapis de sol 3D Luxus sont fabriques sur mesure pour votre véhicule exact et offrent donc un ajustement parfait aux contours de sol de votre véhicule; ils offrent aussi une couverture totale de votre moquette allant jusqu'à 95%; ils sont aussi agréables au toucher et très faciles nettoyer sans oublier l'aspect élégant qu'ils offrent à votre véhicule.<\/p>","page":""}},"8bcab34a-3bf4-4f6c-a17b-e21abb8bf168":{"type":"collapsible_row","settings":{"heading":"Qu'inclut le pack de tapis de sol sur-mesure en 3D ?","icon":"question_mark","row_content":"<p>Le pack comprend un tapis spécialement conçu pour le plancher du conducteur, un autre pour le côté passager, ainsi qu'un tapis adapté au plancher des places arrière. En plus de cela, des bandes velcro double-face et des clips de fixation sont inclus pour assurer une installation sécurisée.<\/p>","page":""}}},"block_order":["template--15639747297417__5fb12f36-450f-4130-8c0a-cd5621af0377-collapsible_row-1","template--15639747297417__5fb12f36-450f-4130-8c0a-cd5621af0377-collapsible_row-2","template--15639747297417__5fb12f36-450f-4130-8c0a-cd5621af0377-collapsible_row-3","template--15639747297417__5fb12f36-450f-4130-8c0a-cd5621af0377-collapsible_row-4","30279620-4f6d-470a-aaf9-cb72d582835e","4268c94b-1a25-4fe6-a498-74f759b1e9ad","214baed8-b14f-42f3-9fa4-9fa9d4f5f3f4","44784ee4-25a6-4a36-b0b1-a25c7b1eb477","b8973945-81cc-4988-8fff-654a66fe4615","e0f3df38-bd86-45fd-b39c-adee63e5724d","9faf75c6-6ebc-446f-a4b0-c09afe01fe5e","b35697b6-30c7-45bb-8278-c0c8c6426de7","08f4ba88-21b6-49b0-af6a-4e74d82f7a38","be3d4bef-10f8-4886-b8c3-23583bd59258","8bcab34a-3bf4-4f6c-a17b-e21abb8bf168"],"settings":{"caption":"","heading":"FAQ","heading_size":"h1","heading_alignment":"center","layout":"row","color_scheme":"scheme-80ae97aa-ed29-4699-9d61-12d135707f29","container_color_scheme":"scheme-80ae97aa-ed29-4699-9d61-12d135707f29","open_first_collapsible_row":false,"image_ratio":"adapt","desktop_layout":"image_second","padding_top":36,"padding_bottom":36}},"related-products":{"type":"related-products","settings":{"heading":"Vous pouvez aussi aimer","heading_size":"h2","products_to_show":10,"columns_desktop":5,"color_scheme":"background-1","image_ratio":"square","image_shape":"default","show_secondary_image":true,"show_vendor":false,"show_rating":false,"columns_mobile":"2","padding_top":36,"padding_bottom":28}}},"order":["main","77eeaee8-f623-4b71-86dc-4c77dcdb1b42","aed41d97-4e53-4de3-bf85-7bd669a2648b","280f0aca-806e-4021-b9b8-e877432d510c","bd0f3317-b531-4bb7-8b4f-8e95b9727712","246dac44-043d-4157-b44a-5bf4aaa94d66","739c5887-dc8e-47e1-a687-2c4922a7713f","028662a2-c83a-4b4d-a2dc-84bb8d836401","8d69a12f-5c19-4a17-a40c-89445147193b","dc4fefe6-f468-44aa-a26a-860220333660","f0d75023-e4cb-46b0-91aa-607d01d40cc0","786a5651-7470-49aa-aefb-7db958f3fd5a","005bf2d4-8a1d-4e9d-ab90-e907c28d7475","66e71bb9-ad32-45f9-80a3-ccd4425a3743","ffce4fd5-b988-4901-850e-586d1beee533","b4cb930c-b44f-4cc4-a3ad-8297696174f4","62c346e7-e2c0-4275-90b6-246a461e00a8","26ef84e9-7e4b-40bb-9d9e-5fad0ec62c60","067ca820-2a1e-4d33-8dbe-a2e8929fc696","image-with-text","custom_liquid_mUbMFP","multicolumn","743b5bec-15bb-4667-b1ee-da318d77bcc6","5fb12f36-450f-4130-8c0a-cd5621af0377","related-products"]}